[query];id;0;it;0;ms;0.00522;validation;
[serialize];id;0;it;0;ms;0.00068;restriction;
[serialize];id;0;it;0;ms;72.5416;merge;
[sort_data];id;0;it;0;size;26604386;sizeof;4;buffer;
[serialize];id;0;it;0;ms;1989.37;aggr;
[query];id;0;it;1;ms;0.002922;validation;
[serialize];id;0;it;1;ms;0.000683;restriction;
[serialize];id;0;it;1;ms;68.3698;merge;
[sort_data];id;0;it;1;size;26604386;sizeof;4;buffer;
[serialize];id;0;it;1;ms;1983.95;aggr;
[query];id;0;it;2;ms;0.002822;validation;
[serialize];id;0;it;2;ms;0.000697;restriction;
[serialize];id;0;it;2;ms;68.1087;merge;
[sort_data];id;0;it;2;size;26604386;sizeof;4;buffer;
[serialize];id;0;it;2;ms;1983.69;aggr;
[query];id;0;it;3;ms;0.002787;validation;
[serialize];id;0;it;3;ms;0.00058;restriction;
[serialize];id;0;it;3;ms;68.0266;merge;
[sort_data];id;0;it;3;size;26604386;sizeof;4;buffer;
[serialize];id;0;it;3;ms;1982.85;aggr;
[query];id;0;it;4;ms;0.00292;validation;
[serialize];id;0;it;4;ms;0.000664;restriction;
[serialize];id;0;it;4;ms;67.8123;merge;
[sort_data];id;0;it;4;size;26604386;sizeof;4;buffer;
[serialize];id;0;it;4;ms;1982.56;aggr;
[query];id;0;it;5;ms;0.003062;validation;
[serialize];id;0;it;5;ms;0.000616;restriction;
[serialize];id;0;it;5;ms;67.9841;merge;
[sort_data];id;0;it;5;size;26604386;sizeof;4;buffer;
[serialize];id;0;it;5;ms;1982.38;aggr;
[query];id;0;it;6;ms;0.002918;validation;
[serialize];id;0;it;6;ms;0.000631;restriction;
[serialize];id;0;it;6;ms;68.0121;merge;
[sort_data];id;0;it;6;size;26604386;sizeof;4;buffer;
[serialize];id;0;it;6;ms;1983.65;aggr;
[query];id;0;it;7;ms;0.002991;validation;
[serialize];id;0;it;7;ms;0.000655;restriction;
[serialize];id;0;it;7;ms;67.9622;merge;
[sort_data];id;0;it;7;size;26604386;sizeof;4;buffer;
[serialize];id;0;it;7;ms;1984.49;aggr;
[query];id;0;it;8;ms;0.003106;validation;
[serialize];id;0;it;8;ms;0.000772;restriction;
[serialize];id;0;it;8;ms;68.0169;merge;
[sort_data];id;0;it;8;size;26604386;sizeof;4;buffer;
[serialize];id;0;it;8;ms;1983.24;aggr;
[query];id;0;it;9;ms;0.002943;validation;
[serialize];id;0;it;9;ms;0.000619;restriction;
[serialize];id;0;it;9;ms;67.9265;merge;
[sort_data];id;0;it;9;size;26604386;sizeof;4;buffer;
[serialize];id;0;it;9;ms;1993.09;aggr;
[query];id;1;it;0;ms;0.002931;validation;
[serialize];id;1;it;0;ms;0.000603;restriction;
[serialize];id;1;it;0;ms;67.8364;merge;
[sort_data];id;1;it;0;size;26604386;sizeof;4;buffer;
[serialize];id;1;it;0;ms;1982.7;aggr;
[query];id;1;it;1;ms;0.00292;validation;
[serialize];id;1;it;1;ms;0.000615;restriction;
[serialize];id;1;it;1;ms;67.8008;merge;
[sort_data];id;1;it;1;size;26604386;sizeof;4;buffer;
[serialize];id;1;it;1;ms;1982.78;aggr;
[query];id;1;it;2;ms;0.003241;validation;
[serialize];id;1;it;2;ms;0.000709;restriction;
[serialize];id;1;it;2;ms;67.6228;merge;
[sort_data];id;1;it;2;size;26604386;sizeof;4;buffer;
[serialize];id;1;it;2;ms;1983.07;aggr;
[query];id;1;it;3;ms;0.002935;validation;
[serialize];id;1;it;3;ms;0.000634;restriction;
[serialize];id;1;it;3;ms;67.8526;merge;
[sort_data];id;1;it;3;size;26604386;sizeof;4;buffer;
[serialize];id;1;it;3;ms;1983.9;aggr;
[query];id;1;it;4;ms;0.002973;validation;
[serialize];id;1;it;4;ms;0.000729;restriction;
[serialize];id;1;it;4;ms;67.8713;merge;
[sort_data];id;1;it;4;size;26604386;sizeof;4;buffer;
[serialize];id;1;it;4;ms;1983.29;aggr;
[query];id;1;it;5;ms;0.003099;validation;
[serialize];id;1;it;5;ms;0.000637;restriction;
[serialize];id;1;it;5;ms;67.8783;merge;
[sort_data];id;1;it;5;size;26604386;sizeof;4;buffer;
[serialize];id;1;it;5;ms;1983.1;aggr;
[query];id;1;it;6;ms;0.003018;validation;
[serialize];id;1;it;6;ms;0.000615;restriction;
[serialize];id;1;it;6;ms;68.0956;merge;
[sort_data];id;1;it;6;size;26604386;sizeof;4;buffer;
[serialize];id;1;it;6;ms;1982.84;aggr;
[query];id;1;it;7;ms;0.002948;validation;
[serialize];id;1;it;7;ms;0.000643;restriction;
[serialize];id;1;it;7;ms;68.0402;merge;
[sort_data];id;1;it;7;size;26604386;sizeof;4;buffer;
[serialize];id;1;it;7;ms;1983.17;aggr;
[query];id;1;it;8;ms;0.002924;validation;
[serialize];id;1;it;8;ms;0.000654;restriction;
[serialize];id;1;it;8;ms;67.9518;merge;
[sort_data];id;1;it;8;size;26604386;sizeof;4;buffer;
[serialize];id;1;it;8;ms;1982.99;aggr;
[query];id;1;it;9;ms;0.002887;validation;
[serialize];id;1;it;9;ms;0.00064;restriction;
[serialize];id;1;it;9;ms;68.0937;merge;
[sort_data];id;1;it;9;size;26604386;sizeof;4;buffer;
[serialize];id;1;it;9;ms;1983.34;aggr;
[query];id;2;it;0;ms;0.00302;validation;
[serialize];id;2;it;0;ms;0.000753;restriction;
[serialize];id;2;it;0;ms;67.8804;merge;
[sort_data];id;2;it;0;size;26604386;sizeof;4;buffer;
[serialize];id;2;it;0;ms;1982.93;aggr;
[query];id;2;it;1;ms;0.003024;validation;
[serialize];id;2;it;1;ms;0.000706;restriction;
[serialize];id;2;it;1;ms;68.1474;merge;
[sort_data];id;2;it;1;size;26604386;sizeof;4;buffer;
[serialize];id;2;it;1;ms;1982.49;aggr;
[query];id;2;it;2;ms;0.002953;validation;
[serialize];id;2;it;2;ms;0.000624;restriction;
[serialize];id;2;it;2;ms;68.5838;merge;
[sort_data];id;2;it;2;size;26604386;sizeof;4;buffer;
[serialize];id;2;it;2;ms;1982.48;aggr;
[query];id;2;it;3;ms;0.00322;validation;
[serialize];id;2;it;3;ms;0.000677;restriction;
[serialize];id;2;it;3;ms;67.9267;merge;
[sort_data];id;2;it;3;size;26604386;sizeof;4;buffer;
[serialize];id;2;it;3;ms;1982.81;aggr;
[query];id;2;it;4;ms;0.002758;validation;
[serialize];id;2;it;4;ms;0.000631;restriction;
[serialize];id;2;it;4;ms;67.9173;merge;
[sort_data];id;2;it;4;size;26604386;sizeof;4;buffer;
[serialize];id;2;it;4;ms;1982.76;aggr;
[query];id;2;it;5;ms;0.003265;validation;
[serialize];id;2;it;5;ms;0.000595;restriction;
[serialize];id;2;it;5;ms;67.7419;merge;
[sort_data];id;2;it;5;size;26604386;sizeof;4;buffer;
[serialize];id;2;it;5;ms;1983.05;aggr;
[query];id;2;it;6;ms;0.002976;validation;
[serialize];id;2;it;6;ms;0.000649;restriction;
[serialize];id;2;it;6;ms;67.9109;merge;
[sort_data];id;2;it;6;size;26604386;sizeof;4;buffer;
[serialize];id;2;it;6;ms;1983.79;aggr;
[query];id;2;it;7;ms;0.002952;validation;
[serialize];id;2;it;7;ms;0.00066;restriction;
[serialize];id;2;it;7;ms;68.0423;merge;
[sort_data];id;2;it;7;size;26604386;sizeof;4;buffer;
[serialize];id;2;it;7;ms;1982.41;aggr;
[query];id;2;it;8;ms;0.00305;validation;
[serialize];id;2;it;8;ms;0.000642;restriction;
[serialize];id;2;it;8;ms;67.8437;merge;
[sort_data];id;2;it;8;size;26604386;sizeof;4;buffer;
[serialize];id;2;it;8;ms;1983.19;aggr;
[query];id;2;it;9;ms;0.003155;validation;
[serialize];id;2;it;9;ms;0.000781;restriction;
[serialize];id;2;it;9;ms;67.8947;merge;
[sort_data];id;2;it;9;size;26604386;sizeof;4;buffer;
[serialize];id;2;it;9;ms;1983.1;aggr;
[query];id;3;it;0;ms;0.003006;validation;
[serialize];id;3;it;0;ms;0.000618;restriction;
[serialize];id;3;it;0;ms;67.9836;merge;
[sort_data];id;3;it;0;size;26604386;sizeof;4;buffer;
[serialize];id;3;it;0;ms;1982.8;aggr;
[query];id;3;it;1;ms;0.003257;validation;
[serialize];id;3;it;1;ms;0.00068;restriction;
[serialize];id;3;it;1;ms;67.9328;merge;
[sort_data];id;3;it;1;size;26604386;sizeof;4;buffer;
[serialize];id;3;it;1;ms;1984.47;aggr;
[query];id;3;it;2;ms;0.003118;validation;
[serialize];id;3;it;2;ms;0.000699;restriction;
[serialize];id;3;it;2;ms;67.8988;merge;
[sort_data];id;3;it;2;size;26604386;sizeof;4;buffer;
[serialize];id;3;it;2;ms;1983.72;aggr;
[query];id;3;it;3;ms;0.003131;validation;
[serialize];id;3;it;3;ms;0.000602;restriction;
[serialize];id;3;it;3;ms;67.8646;merge;
[sort_data];id;3;it;3;size;26604386;sizeof;4;buffer;
[serialize];id;3;it;3;ms;1982.12;aggr;
[query];id;3;it;4;ms;0.003121;validation;
[serialize];id;3;it;4;ms;0.000582;restriction;
[serialize];id;3;it;4;ms;67.7954;merge;
[sort_data];id;3;it;4;size;26604386;sizeof;4;buffer;
[serialize];id;3;it;4;ms;2005.16;aggr;
[query];id;3;it;5;ms;0.003329;validation;
[serialize];id;3;it;5;ms;0.000686;restriction;
[serialize];id;3;it;5;ms;69.2891;merge;
[sort_data];id;3;it;5;size;26604386;sizeof;4;buffer;
[serialize];id;3;it;5;ms;1984.48;aggr;
[query];id;3;it;6;ms;0.003206;validation;
[serialize];id;3;it;6;ms;0.000667;restriction;
[serialize];id;3;it;6;ms;67.6103;merge;
[sort_data];id;3;it;6;size;26604386;sizeof;4;buffer;
[serialize];id;3;it;6;ms;1982.06;aggr;
[query];id;3;it;7;ms;0.003154;validation;
[serialize];id;3;it;7;ms;0.000546;restriction;
[serialize];id;3;it;7;ms;67.863;merge;
[sort_data];id;3;it;7;size;26604386;sizeof;4;buffer;
[serialize];id;3;it;7;ms;1981.83;aggr;
[query];id;3;it;8;ms;0.003574;validation;
[serialize];id;3;it;8;ms;0.00069;restriction;
[serialize];id;3;it;8;ms;67.9526;merge;
[sort_data];id;3;it;8;size;26604386;sizeof;4;buffer;
[serialize];id;3;it;8;ms;1982;aggr;
[query];id;3;it;9;ms;0.003232;validation;
[serialize];id;3;it;9;ms;0.000812;restriction;
[serialize];id;3;it;9;ms;67.9161;merge;
[sort_data];id;3;it;9;size;26604386;sizeof;4;buffer;
[serialize];id;3;it;9;ms;1981.54;aggr;
[query];id;4;it;0;ms;0.003688;validation;
[serialize];id;4;it;0;ms;0.000613;restriction;
[serialize];id;4;it;0;ms;68.0593;merge;
[sort_data];id;4;it;0;size;26604386;sizeof;4;buffer;
[serialize];id;4;it;0;ms;1981.77;aggr;
[query];id;4;it;1;ms;0.00319;validation;
[serialize];id;4;it;1;ms;0.000598;restriction;
[serialize];id;4;it;1;ms;69.236;merge;
[sort_data];id;4;it;1;size;26604386;sizeof;4;buffer;
[serialize];id;4;it;1;ms;1981.3;aggr;
[query];id;4;it;2;ms;0.003118;validation;
[serialize];id;4;it;2;ms;0.000637;restriction;
[serialize];id;4;it;2;ms;68.3222;merge;
[sort_data];id;4;it;2;size;26604386;sizeof;4;buffer;
[serialize];id;4;it;2;ms;1981.38;aggr;
[query];id;4;it;3;ms;0.00334;validation;
[serialize];id;4;it;3;ms;0.000646;restriction;
[serialize];id;4;it;3;ms;67.9262;merge;
[sort_data];id;4;it;3;size;26604386;sizeof;4;buffer;
[serialize];id;4;it;3;ms;1981.71;aggr;
[query];id;4;it;4;ms;0.003181;validation;
[serialize];id;4;it;4;ms;0.000656;restriction;
[serialize];id;4;it;4;ms;67.9013;merge;
[sort_data];id;4;it;4;size;26604386;sizeof;4;buffer;
[serialize];id;4;it;4;ms;1981.84;aggr;
[query];id;4;it;5;ms;0.003245;validation;
[serialize];id;4;it;5;ms;0.000725;restriction;
[serialize];id;4;it;5;ms;67.7162;merge;
[sort_data];id;4;it;5;size;26604386;sizeof;4;buffer;
[serialize];id;4;it;5;ms;1981.14;aggr;
[query];id;4;it;6;ms;0.003077;validation;
[serialize];id;4;it;6;ms;0.000533;restriction;
[serialize];id;4;it;6;ms;67.8704;merge;
[sort_data];id;4;it;6;size;26604386;sizeof;4;buffer;
[serialize];id;4;it;6;ms;1981.73;aggr;
[query];id;4;it;7;ms;0.003205;validation;
[serialize];id;4;it;7;ms;0.00062;restriction;
[serialize];id;4;it;7;ms;67.8433;merge;
[sort_data];id;4;it;7;size;26604386;sizeof;4;buffer;
[serialize];id;4;it;7;ms;1982.09;aggr;
[query];id;4;it;8;ms;0.003202;validation;
[serialize];id;4;it;8;ms;0.00058;restriction;
[serialize];id;4;it;8;ms;67.9474;merge;
[sort_data];id;4;it;8;size;26604386;sizeof;4;buffer;
[serialize];id;4;it;8;ms;1982.13;aggr;
[query];id;4;it;9;ms;0.003358;validation;
[serialize];id;4;it;9;ms;0.000617;restriction;
[serialize];id;4;it;9;ms;67.7645;merge;
[sort_data];id;4;it;9;size;26604386;sizeof;4;buffer;
[serialize];id;4;it;9;ms;1982.12;aggr;
[query];id;5;it;0;ms;0.00324;validation;
[serialize];id;5;it;0;ms;0.000635;restriction;
[serialize];id;5;it;0;ms;67.8962;merge;
[sort_data];id;5;it;0;size;26604386;sizeof;4;buffer;
[serialize];id;5;it;0;ms;1982.23;aggr;
[query];id;5;it;1;ms;0.003305;validation;
[serialize];id;5;it;1;ms;0.000708;restriction;
[serialize];id;5;it;1;ms;68.0591;merge;
[sort_data];id;5;it;1;size;26604386;sizeof;4;buffer;
[serialize];id;5;it;1;ms;1981.43;aggr;
[query];id;5;it;2;ms;0.00327;validation;
[serialize];id;5;it;2;ms;0.000692;restriction;
[serialize];id;5;it;2;ms;67.8137;merge;
[sort_data];id;5;it;2;size;26604386;sizeof;4;buffer;
[serialize];id;5;it;2;ms;1982.18;aggr;
[query];id;5;it;3;ms;0.003311;validation;
[serialize];id;5;it;3;ms;0.000587;restriction;
[serialize];id;5;it;3;ms;67.8474;merge;
[sort_data];id;5;it;3;size;26604386;sizeof;4;buffer;
[serialize];id;5;it;3;ms;1981.25;aggr;
[query];id;5;it;4;ms;0.003504;validation;
[serialize];id;5;it;4;ms;0.000669;restriction;
[serialize];id;5;it;4;ms;67.9896;merge;
[sort_data];id;5;it;4;size;26604386;sizeof;4;buffer;
[serialize];id;5;it;4;ms;1981.96;aggr;
[query];id;5;it;5;ms;0.003514;validation;
[serialize];id;5;it;5;ms;0.0007;restriction;
[serialize];id;5;it;5;ms;67.9735;merge;
[sort_data];id;5;it;5;size;26604386;sizeof;4;buffer;
[serialize];id;5;it;5;ms;1981.83;aggr;
[query];id;5;it;6;ms;0.003466;validation;
[serialize];id;5;it;6;ms;0.000968;restriction;
[serialize];id;5;it;6;ms;67.922;merge;
[sort_data];id;5;it;6;size;26604386;sizeof;4;buffer;
[serialize];id;5;it;6;ms;1981.87;aggr;
[query];id;5;it;7;ms;0.003355;validation;
[serialize];id;5;it;7;ms;0.00059;restriction;
[serialize];id;5;it;7;ms;67.8152;merge;
[sort_data];id;5;it;7;size;26604386;sizeof;4;buffer;
[serialize];id;5;it;7;ms;1981.6;aggr;
[query];id;5;it;8;ms;0.003545;validation;
[serialize];id;5;it;8;ms;0.000627;restriction;
[serialize];id;5;it;8;ms;67.8097;merge;
[sort_data];id;5;it;8;size;26604386;sizeof;4;buffer;
[serialize];id;5;it;8;ms;1981.81;aggr;
[query];id;5;it;9;ms;0.003051;validation;
[serialize];id;5;it;9;ms;0.000716;restriction;
[serialize];id;5;it;9;ms;67.8331;merge;
[sort_data];id;5;it;9;size;26604386;sizeof;4;buffer;
[serialize];id;5;it;9;ms;1981.72;aggr;
[query];id;6;it;0;ms;0.003527;validation;
[serialize];id;6;it;0;ms;0.000642;restriction;
[serialize];id;6;it;0;ms;67.6659;merge;
[sort_data];id;6;it;0;size;26604386;sizeof;4;buffer;
[serialize];id;6;it;0;ms;1981.72;aggr;
[query];id;6;it;1;ms;0.003319;validation;
[serialize];id;6;it;1;ms;0.000678;restriction;
[serialize];id;6;it;1;ms;67.8503;merge;
[sort_data];id;6;it;1;size;26604386;sizeof;4;buffer;
[serialize];id;6;it;1;ms;1981.92;aggr;
[query];id;6;it;2;ms;0.003318;validation;
[serialize];id;6;it;2;ms;0.000648;restriction;
[serialize];id;6;it;2;ms;67.9257;merge;
[sort_data];id;6;it;2;size;26604386;sizeof;4;buffer;
[serialize];id;6;it;2;ms;1982.2;aggr;
[query];id;6;it;3;ms;0.00342;validation;
[serialize];id;6;it;3;ms;0.000627;restriction;
[serialize];id;6;it;3;ms;67.9332;merge;
[sort_data];id;6;it;3;size;26604386;sizeof;4;buffer;
[serialize];id;6;it;3;ms;1981.76;aggr;
[query];id;6;it;4;ms;0.003251;validation;
[serialize];id;6;it;4;ms;0.000657;restriction;
[serialize];id;6;it;4;ms;68.1001;merge;
[sort_data];id;6;it;4;size;26604386;sizeof;4;buffer;
[serialize];id;6;it;4;ms;1981.92;aggr;
[query];id;6;it;5;ms;0.003415;validation;
[serialize];id;6;it;5;ms;0.000702;restriction;
[serialize];id;6;it;5;ms;68.4519;merge;
[sort_data];id;6;it;5;size;26604386;sizeof;4;buffer;
[serialize];id;6;it;5;ms;1981.48;aggr;
[query];id;6;it;6;ms;0.00342;validation;
[serialize];id;6;it;6;ms;0.000643;restriction;
[serialize];id;6;it;6;ms;67.96;merge;
[sort_data];id;6;it;6;size;26604386;sizeof;4;buffer;
[serialize];id;6;it;6;ms;1982.34;aggr;
[query];id;6;it;7;ms;0.003537;validation;
[serialize];id;6;it;7;ms;0.000589;restriction;
[serialize];id;6;it;7;ms;67.9286;merge;
[sort_data];id;6;it;7;size;26604386;sizeof;4;buffer;
[serialize];id;6;it;7;ms;1981.44;aggr;
[query];id;6;it;8;ms;0.003361;validation;
[serialize];id;6;it;8;ms;0.000688;restriction;
[serialize];id;6;it;8;ms;67.9051;merge;
[sort_data];id;6;it;8;size;26604386;sizeof;4;buffer;
[serialize];id;6;it;8;ms;1982.11;aggr;
[query];id;6;it;9;ms;0.00325;validation;
[serialize];id;6;it;9;ms;0.000645;restriction;
[serialize];id;6;it;9;ms;67.7425;merge;
[sort_data];id;6;it;9;size;26604386;sizeof;4;buffer;
[serialize];id;6;it;9;ms;1981.45;aggr;
[query];id;7;it;0;ms;0.004058;validation;
[serialize];id;7;it;0;ms;0.000605;restriction;
[serialize];id;7;it;0;ms;67.8545;merge;
[sort_data];id;7;it;0;size;26604386;sizeof;4;buffer;
[serialize];id;7;it;0;ms;1989.47;aggr;
[query];id;7;it;1;ms;0.00375;validation;
[serialize];id;7;it;1;ms;0.000589;restriction;
[serialize];id;7;it;1;ms;67.8156;merge;
[sort_data];id;7;it;1;size;26604386;sizeof;4;buffer;
[serialize];id;7;it;1;ms;1989.46;aggr;
[query];id;7;it;2;ms;0.003558;validation;
[serialize];id;7;it;2;ms;0.00065;restriction;
[serialize];id;7;it;2;ms;67.9352;merge;
[sort_data];id;7;it;2;size;26604386;sizeof;4;buffer;
[serialize];id;7;it;2;ms;1990.02;aggr;
[query];id;7;it;3;ms;0.003876;validation;
[serialize];id;7;it;3;ms;0.000626;restriction;
[serialize];id;7;it;3;ms;67.7729;merge;
[sort_data];id;7;it;3;size;26604386;sizeof;4;buffer;
[serialize];id;7;it;3;ms;1988.72;aggr;
[query];id;7;it;4;ms;0.004233;validation;
[serialize];id;7;it;4;ms;0.000647;restriction;
[serialize];id;7;it;4;ms;67.9401;merge;
[sort_data];id;7;it;4;size;26604386;sizeof;4;buffer;
[serialize];id;7;it;4;ms;1989;aggr;
[query];id;7;it;5;ms;0.003849;validation;
[serialize];id;7;it;5;ms;0.000586;restriction;
[serialize];id;7;it;5;ms;68.0437;merge;
[sort_data];id;7;it;5;size;26604386;sizeof;4;buffer;
[serialize];id;7;it;5;ms;1989.78;aggr;
[query];id;7;it;6;ms;0.003769;validation;
[serialize];id;7;it;6;ms;0.000569;restriction;
[serialize];id;7;it;6;ms;67.8386;merge;
[sort_data];id;7;it;6;size;26604386;sizeof;4;buffer;
[serialize];id;7;it;6;ms;1989.41;aggr;
[query];id;7;it;7;ms;0.003519;validation;
[serialize];id;7;it;7;ms;0.000633;restriction;
[serialize];id;7;it;7;ms;67.8992;merge;
[sort_data];id;7;it;7;size;26604386;sizeof;4;buffer;
[serialize];id;7;it;7;ms;1989.57;aggr;
[query];id;7;it;8;ms;0.003714;validation;
[serialize];id;7;it;8;ms;0.000592;restriction;
[serialize];id;7;it;8;ms;67.9975;merge;
[sort_data];id;7;it;8;size;26604386;sizeof;4;buffer;
[serialize];id;7;it;8;ms;1990.14;aggr;
[query];id;7;it;9;ms;0.003609;validation;
[serialize];id;7;it;9;ms;0.000631;restriction;
[serialize];id;7;it;9;ms;67.9665;merge;
[sort_data];id;7;it;9;size;26604386;sizeof;4;buffer;
[serialize];id;7;it;9;ms;1989.44;aggr;
[query];id;8;it;0;ms;0.004642;validation;
[serialize];id;8;it;0;ms;0.000734;restriction;
[serialize];id;8;it;0;ms;67.9195;merge;
[sort_data];id;8;it;0;size;26604385;sizeof;4;buffer;
[serialize];id;8;it;0;ms;2012.18;aggr;
[query];id;8;it;1;ms;0.004988;validation;
[serialize];id;8;it;1;ms;0.000581;restriction;
[serialize];id;8;it;1;ms;67.8122;merge;
[sort_data];id;8;it;1;size;26604385;sizeof;4;buffer;
[serialize];id;8;it;1;ms;2011.54;aggr;
[query];id;8;it;2;ms;0.004764;validation;
[serialize];id;8;it;2;ms;0.000677;restriction;
[serialize];id;8;it;2;ms;67.7883;merge;
[sort_data];id;8;it;2;size;26604385;sizeof;4;buffer;
[serialize];id;8;it;2;ms;2012.13;aggr;
[query];id;8;it;3;ms;0.004584;validation;
[serialize];id;8;it;3;ms;0.000631;restriction;
[serialize];id;8;it;3;ms;68.398;merge;
[sort_data];id;8;it;3;size;26604385;sizeof;4;buffer;
[serialize];id;8;it;3;ms;2012.46;aggr;
[query];id;8;it;4;ms;0.004829;validation;
[serialize];id;8;it;4;ms;0.000655;restriction;
[serialize];id;8;it;4;ms;67.6738;merge;
[sort_data];id;8;it;4;size;26604385;sizeof;4;buffer;
[serialize];id;8;it;4;ms;2011.73;aggr;
[query];id;8;it;5;ms;0.004613;validation;
[serialize];id;8;it;5;ms;0.000636;restriction;
[serialize];id;8;it;5;ms;67.7627;merge;
[sort_data];id;8;it;5;size;26604385;sizeof;4;buffer;
[serialize];id;8;it;5;ms;2013.17;aggr;
[query];id;8;it;6;ms;0.004647;validation;
[serialize];id;8;it;6;ms;0.000611;restriction;
[serialize];id;8;it;6;ms;67.8341;merge;
[sort_data];id;8;it;6;size;26604385;sizeof;4;buffer;
[serialize];id;8;it;6;ms;2013.14;aggr;
[query];id;8;it;7;ms;0.004723;validation;
[serialize];id;8;it;7;ms;0.000613;restriction;
[serialize];id;8;it;7;ms;67.8367;merge;
[sort_data];id;8;it;7;size;26604385;sizeof;4;buffer;
[serialize];id;8;it;7;ms;2013.05;aggr;
[query];id;8;it;8;ms;0.004472;validation;
[serialize];id;8;it;8;ms;0.000734;restriction;
[serialize];id;8;it;8;ms;67.9999;merge;
[sort_data];id;8;it;8;size;26604385;sizeof;4;buffer;
[serialize];id;8;it;8;ms;2013.84;aggr;
[query];id;8;it;9;ms;0.004634;validation;
[serialize];id;8;it;9;ms;0.00063;restriction;
[serialize];id;8;it;9;ms;68.0778;merge;
[sort_data];id;8;it;9;size;26604385;sizeof;4;buffer;
[serialize];id;8;it;9;ms;2012.73;aggr;
[query];id;9;it;0;ms;0.006799;validation;
[serialize];id;9;it;0;ms;0.000799;restriction;
[serialize];id;9;it;0;ms;67.944;merge;
[sort_data];id;9;it;0;size;26604385;sizeof;4;buffer;
[serialize];id;9;it;0;ms;1994.56;aggr;
[query];id;9;it;1;ms;0.007202;validation;
[serialize];id;9;it;1;ms;0.000594;restriction;
[serialize];id;9;it;1;ms;67.888;merge;
[sort_data];id;9;it;1;size;26604385;sizeof;4;buffer;
[serialize];id;9;it;1;ms;1994.97;aggr;
[query];id;9;it;2;ms;0.007061;validation;
[serialize];id;9;it;2;ms;0.000669;restriction;
[serialize];id;9;it;2;ms;67.874;merge;
[sort_data];id;9;it;2;size;26604385;sizeof;4;buffer;
[serialize];id;9;it;2;ms;1994.87;aggr;
[query];id;9;it;3;ms;0.007115;validation;
[serialize];id;9;it;3;ms;0.000685;restriction;
[serialize];id;9;it;3;ms;67.7347;merge;
[sort_data];id;9;it;3;size;26604385;sizeof;4;buffer;
[serialize];id;9;it;3;ms;1995.37;aggr;
[query];id;9;it;4;ms;0.007123;validation;
[serialize];id;9;it;4;ms;0.000601;restriction;
[serialize];id;9;it;4;ms;67.845;merge;
[sort_data];id;9;it;4;size;26604385;sizeof;4;buffer;
[serialize];id;9;it;4;ms;1994.98;aggr;
[query];id;9;it;5;ms;0.006593;validation;
[serialize];id;9;it;5;ms;0.000712;restriction;
[serialize];id;9;it;5;ms;67.8296;merge;
[sort_data];id;9;it;5;size;26604385;sizeof;4;buffer;
[serialize];id;9;it;5;ms;1995.23;aggr;
[query];id;9;it;6;ms;0.007471;validation;
[serialize];id;9;it;6;ms;0.000649;restriction;
[serialize];id;9;it;6;ms;67.9324;merge;
[sort_data];id;9;it;6;size;26604385;sizeof;4;buffer;
[serialize];id;9;it;6;ms;1995.11;aggr;
[query];id;9;it;7;ms;0.006987;validation;
[serialize];id;9;it;7;ms;0.000619;restriction;
[serialize];id;9;it;7;ms;67.7514;merge;
[sort_data];id;9;it;7;size;26604385;sizeof;4;buffer;
[serialize];id;9;it;7;ms;1995.06;aggr;
[query];id;9;it;8;ms;0.006876;validation;
[serialize];id;9;it;8;ms;0.000624;restriction;
[serialize];id;9;it;8;ms;67.8983;merge;
[sort_data];id;9;it;8;size;26604385;sizeof;4;buffer;
[serialize];id;9;it;8;ms;1994.6;aggr;
[query];id;9;it;9;ms;0.007441;validation;
[serialize];id;9;it;9;ms;0.000705;restriction;
[serialize];id;9;it;9;ms;69.1798;merge;
[sort_data];id;9;it;9;size;26604385;sizeof;4;buffer;
[serialize];id;9;it;9;ms;1994.91;aggr;
[query];id;10;it;0;ms;0.01536;validation;
[serialize];id;10;it;0;ms;0.000638;restriction;
[serialize];id;10;it;0;ms;67.8509;merge;
[sort_data];id;10;it;0;size;26604385;sizeof;4;buffer;
[serialize];id;10;it;0;ms;2004.44;aggr;
[query];id;10;it;1;ms;0.01415;validation;
[serialize];id;10;it;1;ms;0.000636;restriction;
[serialize];id;10;it;1;ms;68.3465;merge;
[sort_data];id;10;it;1;size;26604385;sizeof;4;buffer;
[serialize];id;10;it;1;ms;2003.78;aggr;
[query];id;10;it;2;ms;0.014583;validation;
[serialize];id;10;it;2;ms;0.000683;restriction;
[serialize];id;10;it;2;ms;67.9574;merge;
[sort_data];id;10;it;2;size;26604385;sizeof;4;buffer;
[serialize];id;10;it;2;ms;2005.28;aggr;
[query];id;10;it;3;ms;0.013911;validation;
[serialize];id;10;it;3;ms;0.000554;restriction;
[serialize];id;10;it;3;ms;67.9201;merge;
[sort_data];id;10;it;3;size;26604385;sizeof;4;buffer;
[serialize];id;10;it;3;ms;2004.9;aggr;
[query];id;10;it;4;ms;0.013814;validation;
[serialize];id;10;it;4;ms;0.000672;restriction;
[serialize];id;10;it;4;ms;67.9136;merge;
[sort_data];id;10;it;4;size;26604385;sizeof;4;buffer;
[serialize];id;10;it;4;ms;2004.39;aggr;
[query];id;10;it;5;ms;0.014148;validation;
[serialize];id;10;it;5;ms;0.000874;restriction;
[serialize];id;10;it;5;ms;67.8236;merge;
[sort_data];id;10;it;5;size;26604385;sizeof;4;buffer;
[serialize];id;10;it;5;ms;2003.99;aggr;
[query];id;10;it;6;ms;0.014622;validation;
[serialize];id;10;it;6;ms;0.000548;restriction;
[serialize];id;10;it;6;ms;67.7768;merge;
[sort_data];id;10;it;6;size;26604385;sizeof;4;buffer;
[serialize];id;10;it;6;ms;2005.41;aggr;
[query];id;10;it;7;ms;0.014322;validation;
[serialize];id;10;it;7;ms;0.000695;restriction;
[serialize];id;10;it;7;ms;67.7792;merge;
[sort_data];id;10;it;7;size;26604385;sizeof;4;buffer;
[serialize];id;10;it;7;ms;2003.91;aggr;
[query];id;10;it;8;ms;0.014578;validation;
[serialize];id;10;it;8;ms;0.0007;restriction;
[serialize];id;10;it;8;ms;67.6088;merge;
[sort_data];id;10;it;8;size;26604385;sizeof;4;buffer;
[serialize];id;10;it;8;ms;2004.07;aggr;
[query];id;10;it;9;ms;0.01453;validation;
[serialize];id;10;it;9;ms;0.000659;restriction;
[serialize];id;10;it;9;ms;67.8138;merge;
[sort_data];id;10;it;9;size;26604385;sizeof;4;buffer;
[serialize];id;10;it;9;ms;2004.18;aggr;
[query];id;11;it;0;ms;0.041199;validation;
[serialize];id;11;it;0;ms;0.000916;restriction;
[serialize];id;11;it;0;ms;67.9446;merge;
[sort_data];id;11;it;0;size;26604385;sizeof;4;buffer;
[serialize];id;11;it;0;ms;2007.29;aggr;
[query];id;11;it;1;ms;0.042544;validation;
[serialize];id;11;it;1;ms;0.000858;restriction;
[serialize];id;11;it;1;ms;67.8805;merge;
[sort_data];id;11;it;1;size;26604385;sizeof;4;buffer;
[serialize];id;11;it;1;ms;2007.24;aggr;
[query];id;11;it;2;ms;0.042085;validation;
[serialize];id;11;it;2;ms;0.000896;restriction;
[serialize];id;11;it;2;ms;68.1098;merge;
[sort_data];id;11;it;2;size;26604385;sizeof;4;buffer;
[serialize];id;11;it;2;ms;2007.35;aggr;
[query];id;11;it;3;ms;0.041688;validation;
[serialize];id;11;it;3;ms;0.00097;restriction;
[serialize];id;11;it;3;ms;68.077;merge;
[sort_data];id;11;it;3;size;26604385;sizeof;4;buffer;
[serialize];id;11;it;3;ms;2008;aggr;
[query];id;11;it;4;ms;0.042143;validation;
[serialize];id;11;it;4;ms;0.000893;restriction;
[serialize];id;11;it;4;ms;68.0116;merge;
[sort_data];id;11;it;4;size;26604385;sizeof;4;buffer;
[serialize];id;11;it;4;ms;2007.76;aggr;
[query];id;11;it;5;ms;0.042442;validation;
[serialize];id;11;it;5;ms;0.000838;restriction;
[serialize];id;11;it;5;ms;68.8673;merge;
[sort_data];id;11;it;5;size;26604385;sizeof;4;buffer;
[serialize];id;11;it;5;ms;2007.59;aggr;
[query];id;11;it;6;ms;0.042627;validation;
[serialize];id;11;it;6;ms;0.000978;restriction;
[serialize];id;11;it;6;ms;67.911;merge;
[sort_data];id;11;it;6;size;26604385;sizeof;4;buffer;
[serialize];id;11;it;6;ms;2007.14;aggr;
[query];id;11;it;7;ms;0.042246;validation;
[serialize];id;11;it;7;ms;0.000959;restriction;
[serialize];id;11;it;7;ms;67.772;merge;
[sort_data];id;11;it;7;size;26604385;sizeof;4;buffer;
[serialize];id;11;it;7;ms;2007.52;aggr;
[query];id;11;it;8;ms;0.042971;validation;
[serialize];id;11;it;8;ms;0.000833;restriction;
[serialize];id;11;it;8;ms;67.9497;merge;
[sort_data];id;11;it;8;size;26604385;sizeof;4;buffer;
[serialize];id;11;it;8;ms;2007.98;aggr;
[query];id;11;it;9;ms;0.042695;validation;
[serialize];id;11;it;9;ms;0.00079;restriction;
[serialize];id;11;it;9;ms;67.8652;merge;
[sort_data];id;11;it;9;size;26604385;sizeof;4;buffer;
[serialize];id;11;it;9;ms;2007.18;aggr;
[query];id;12;it;0;ms;0.13527;validation;
[serialize];id;12;it;0;ms;0.001058;restriction;
[serialize];id;12;it;0;ms;68.4634;merge;
[sort_data];id;12;it;0;size;26604385;sizeof;4;buffer;
[serialize];id;12;it;0;ms;2014.03;aggr;
[query];id;12;it;1;ms;0.135479;validation;
[serialize];id;12;it;1;ms;0.001;restriction;
[serialize];id;12;it;1;ms;68.3127;merge;
[sort_data];id;12;it;1;size;26604385;sizeof;4;buffer;
[serialize];id;12;it;1;ms;2014.29;aggr;
[query];id;12;it;2;ms;0.134125;validation;
[serialize];id;12;it;2;ms;0.001121;restriction;
[serialize];id;12;it;2;ms;68.5078;merge;
[sort_data];id;12;it;2;size;26604385;sizeof;4;buffer;
[serialize];id;12;it;2;ms;2013.56;aggr;
[query];id;12;it;3;ms;0.135806;validation;
[serialize];id;12;it;3;ms;0.001085;restriction;
[serialize];id;12;it;3;ms;68.5652;merge;
[sort_data];id;12;it;3;size;26604385;sizeof;4;buffer;
[serialize];id;12;it;3;ms;2012.84;aggr;
[query];id;12;it;4;ms;0.135973;validation;
[serialize];id;12;it;4;ms;0.000985;restriction;
[serialize];id;12;it;4;ms;68.3303;merge;
[sort_data];id;12;it;4;size;26604385;sizeof;4;buffer;
[serialize];id;12;it;4;ms;2012.95;aggr;
[query];id;12;it;5;ms;0.13612;validation;
[serialize];id;12;it;5;ms;0.001062;restriction;
[serialize];id;12;it;5;ms;68.3866;merge;
[sort_data];id;12;it;5;size;26604385;sizeof;4;buffer;
[serialize];id;12;it;5;ms;2012.61;aggr;
[query];id;12;it;6;ms;0.13198;validation;
[serialize];id;12;it;6;ms;0.001248;restriction;
[serialize];id;12;it;6;ms;68.5129;merge;
[sort_data];id;12;it;6;size;26604385;sizeof;4;buffer;
[serialize];id;12;it;6;ms;2013.81;aggr;
[query];id;12;it;7;ms;0.136208;validation;
[serialize];id;12;it;7;ms;0.001118;restriction;
[serialize];id;12;it;7;ms;68.4649;merge;
[sort_data];id;12;it;7;size;26604385;sizeof;4;buffer;
[serialize];id;12;it;7;ms;2013.89;aggr;
[query];id;12;it;8;ms;0.135697;validation;
[serialize];id;12;it;8;ms;0.001029;restriction;
[serialize];id;12;it;8;ms;68.4388;merge;
[sort_data];id;12;it;8;size;26604385;sizeof;4;buffer;
[serialize];id;12;it;8;ms;2012.49;aggr;
[query];id;12;it;9;ms;0.135651;validation;
[serialize];id;12;it;9;ms;0.001088;restriction;
[serialize];id;12;it;9;ms;70.0435;merge;
[sort_data];id;12;it;9;size;26604385;sizeof;4;buffer;
[serialize];id;12;it;9;ms;2013.79;aggr;
[query];id;13;it;0;ms;0.432671;validation;
[serialize];id;13;it;0;ms;0.002581;restriction;
[serialize];id;13;it;0;ms;69.7467;merge;
[sort_data];id;13;it;0;size;26604385;sizeof;4;buffer;
[serialize];id;13;it;0;ms;1989.8;aggr;
[query];id;13;it;1;ms;0.429497;validation;
[serialize];id;13;it;1;ms;0.002514;restriction;
[serialize];id;13;it;1;ms;69.6877;merge;
[sort_data];id;13;it;1;size;26604385;sizeof;4;buffer;
[serialize];id;13;it;1;ms;1990.44;aggr;
[query];id;13;it;2;ms;0.427969;validation;
[serialize];id;13;it;2;ms;0.002565;restriction;
[serialize];id;13;it;2;ms;69.5499;merge;
[sort_data];id;13;it;2;size;26604385;sizeof;4;buffer;
[serialize];id;13;it;2;ms;1991.05;aggr;
[query];id;13;it;3;ms;0.428565;validation;
[serialize];id;13;it;3;ms;0.002514;restriction;
[serialize];id;13;it;3;ms;69.7211;merge;
[sort_data];id;13;it;3;size;26604385;sizeof;4;buffer;
[serialize];id;13;it;3;ms;1990.88;aggr;
[query];id;13;it;4;ms;0.427588;validation;
[serialize];id;13;it;4;ms;0.002516;restriction;
[serialize];id;13;it;4;ms;69.7524;merge;
[sort_data];id;13;it;4;size;26604385;sizeof;4;buffer;
[serialize];id;13;it;4;ms;1990.87;aggr;
[query];id;13;it;5;ms;0.429138;validation;
[serialize];id;13;it;5;ms;0.002529;restriction;
[serialize];id;13;it;5;ms;69.7547;merge;
[sort_data];id;13;it;5;size;26604385;sizeof;4;buffer;
[serialize];id;13;it;5;ms;1990.51;aggr;
[query];id;13;it;6;ms;0.427037;validation;
[serialize];id;13;it;6;ms;0.00277;restriction;
[serialize];id;13;it;6;ms;69.927;merge;
[sort_data];id;13;it;6;size;26604385;sizeof;4;buffer;
[serialize];id;13;it;6;ms;1991.32;aggr;
[query];id;13;it;7;ms;0.428311;validation;
[serialize];id;13;it;7;ms;0.002613;restriction;
[serialize];id;13;it;7;ms;69.9001;merge;
[sort_data];id;13;it;7;size;26604385;sizeof;4;buffer;
[serialize];id;13;it;7;ms;1990.49;aggr;
[query];id;13;it;8;ms;0.430736;validation;
[serialize];id;13;it;8;ms;0.002499;restriction;
[serialize];id;13;it;8;ms;69.8128;merge;
[sort_data];id;13;it;8;size;26604385;sizeof;4;buffer;
[serialize];id;13;it;8;ms;1990.92;aggr;
[query];id;13;it;9;ms;0.427218;validation;
[serialize];id;13;it;9;ms;0.002481;restriction;
[serialize];id;13;it;9;ms;69.7601;merge;
[sort_data];id;13;it;9;size;26604385;sizeof;4;buffer;
[serialize];id;13;it;9;ms;1991.2;aggr;
[query];id;14;it;0;ms;1.47168;validation;
[serialize];id;14;it;0;ms;0.008883;restriction;
[serialize];id;14;it;0;ms;74.9903;merge;
[sort_data];id;14;it;0;size;26604385;sizeof;4;buffer;
[serialize];id;14;it;0;ms;1993.61;aggr;
[query];id;14;it;1;ms;1.47044;validation;
[serialize];id;14;it;1;ms;0.009073;restriction;
[serialize];id;14;it;1;ms;74.7795;merge;
[sort_data];id;14;it;1;size;26604385;sizeof;4;buffer;
[serialize];id;14;it;1;ms;1993.12;aggr;
[query];id;14;it;2;ms;1.47032;validation;
[serialize];id;14;it;2;ms;0.009129;restriction;
[serialize];id;14;it;2;ms;74.8949;merge;
[sort_data];id;14;it;2;size;26604385;sizeof;4;buffer;
[serialize];id;14;it;2;ms;1993.15;aggr;
[query];id;14;it;3;ms;1.45612;validation;
[serialize];id;14;it;3;ms;0.00914;restriction;
[serialize];id;14;it;3;ms;74.9215;merge;
[sort_data];id;14;it;3;size;26604385;sizeof;4;buffer;
[serialize];id;14;it;3;ms;1993.63;aggr;
[query];id;14;it;4;ms;1.47386;validation;
[serialize];id;14;it;4;ms;0.008961;restriction;
[serialize];id;14;it;4;ms;75.06;merge;
[sort_data];id;14;it;4;size;26604385;sizeof;4;buffer;
[serialize];id;14;it;4;ms;1993.6;aggr;
[query];id;14;it;5;ms;1.46801;validation;
[serialize];id;14;it;5;ms;0.008871;restriction;
[serialize];id;14;it;5;ms;74.8212;merge;
[sort_data];id;14;it;5;size;26604385;sizeof;4;buffer;
[serialize];id;14;it;5;ms;1992.94;aggr;
[query];id;14;it;6;ms;1.47085;validation;
[serialize];id;14;it;6;ms;0.008982;restriction;
[serialize];id;14;it;6;ms;76.2521;merge;
[sort_data];id;14;it;6;size;26604385;sizeof;4;buffer;
[serialize];id;14;it;6;ms;1993.42;aggr;
[query];id;14;it;7;ms;1.44625;validation;
[serialize];id;14;it;7;ms;0.008828;restriction;
[serialize];id;14;it;7;ms;75.1696;merge;
[sort_data];id;14;it;7;size;26604385;sizeof;4;buffer;
[serialize];id;14;it;7;ms;1994.06;aggr;
[query];id;14;it;8;ms;1.46747;validation;
[serialize];id;14;it;8;ms;0.008952;restriction;
[serialize];id;14;it;8;ms;74.8845;merge;
[sort_data];id;14;it;8;size;26604385;sizeof;4;buffer;
[serialize];id;14;it;8;ms;1993.21;aggr;
[query];id;14;it;9;ms;1.46383;validation;
[serialize];id;14;it;9;ms;0.008818;restriction;
[serialize];id;14;it;9;ms;74.8953;merge;
[sort_data];id;14;it;9;size;26604385;sizeof;4;buffer;
[serialize];id;14;it;9;ms;1993.36;aggr;
[query];id;15;it;0;ms;5.05776;validation;
[serialize];id;15;it;0;ms;0.03334;restriction;
[serialize];id;15;it;0;ms;93.9438;merge;
[sort_data];id;15;it;0;size;26604385;sizeof;4;buffer;
[serialize];id;15;it;0;ms;1999.16;aggr;
[query];id;15;it;1;ms;5.05835;validation;
[serialize];id;15;it;1;ms;0.033483;restriction;
[serialize];id;15;it;1;ms;93.7388;merge;
[sort_data];id;15;it;1;size;26604385;sizeof;4;buffer;
[serialize];id;15;it;1;ms;1998.54;aggr;
[query];id;15;it;2;ms;5.0611;validation;
[serialize];id;15;it;2;ms;0.033715;restriction;
[serialize];id;15;it;2;ms;93.7604;merge;
[sort_data];id;15;it;2;size;26604385;sizeof;4;buffer;
[serialize];id;15;it;2;ms;1999.04;aggr;
[query];id;15;it;3;ms;5.05724;validation;
[serialize];id;15;it;3;ms;0.033419;restriction;
[serialize];id;15;it;3;ms;93.6113;merge;
[sort_data];id;15;it;3;size;26604385;sizeof;4;buffer;
[serialize];id;15;it;3;ms;1998.65;aggr;
[query];id;15;it;4;ms;5.06672;validation;
[serialize];id;15;it;4;ms;0.033744;restriction;
[serialize];id;15;it;4;ms;93.5373;merge;
[sort_data];id;15;it;4;size;26604385;sizeof;4;buffer;
[serialize];id;15;it;4;ms;1998.62;aggr;
[query];id;15;it;5;ms;5.09966;validation;
[serialize];id;15;it;5;ms;0.033525;restriction;
[serialize];id;15;it;5;ms;93.6418;merge;
[sort_data];id;15;it;5;size;26604385;sizeof;4;buffer;
[serialize];id;15;it;5;ms;1998.46;aggr;
[query];id;15;it;6;ms;5.06266;validation;
[serialize];id;15;it;6;ms;0.033432;restriction;
[serialize];id;15;it;6;ms;93.4627;merge;
[sort_data];id;15;it;6;size;26604385;sizeof;4;buffer;
[serialize];id;15;it;6;ms;1999.91;aggr;
[query];id;15;it;7;ms;5.07351;validation;
[serialize];id;15;it;7;ms;0.033424;restriction;
[serialize];id;15;it;7;ms;93.7975;merge;
[sort_data];id;15;it;7;size;26604385;sizeof;4;buffer;
[serialize];id;15;it;7;ms;1999.55;aggr;
[query];id;15;it;8;ms;5.06496;validation;
[serialize];id;15;it;8;ms;0.033551;restriction;
[serialize];id;15;it;8;ms;94.784;merge;
[sort_data];id;15;it;8;size;26604385;sizeof;4;buffer;
[serialize];id;15;it;8;ms;2000.01;aggr;
[query];id;15;it;9;ms;5.82804;validation;
[serialize];id;15;it;9;ms;0.036815;restriction;
[serialize];id;15;it;9;ms;93.7916;merge;
[sort_data];id;15;it;9;size;26604385;sizeof;4;buffer;
[serialize];id;15;it;9;ms;1999.3;aggr;
[query];id;16;it;0;ms;15.9402;validation;
[serialize];id;16;it;0;ms;0.161557;restriction;
[serialize];id;16;it;0;ms;159.902;merge;
[sort_data];id;16;it;0;size;26604385;sizeof;4;buffer;
[serialize];id;16;it;0;ms;2010.05;aggr;
[query];id;16;it;1;ms;15.951;validation;
[serialize];id;16;it;1;ms;0.16143;restriction;
[serialize];id;16;it;1;ms;159.351;merge;
[sort_data];id;16;it;1;size;26604385;sizeof;4;buffer;
[serialize];id;16;it;1;ms;2009.9;aggr;
[query];id;16;it;2;ms;15.9542;validation;
[serialize];id;16;it;2;ms;0.161795;restriction;
[serialize];id;16;it;2;ms;159.201;merge;
[sort_data];id;16;it;2;size;26604385;sizeof;4;buffer;
[serialize];id;16;it;2;ms;2010.23;aggr;
[query];id;16;it;3;ms;15.9203;validation;
[serialize];id;16;it;3;ms;0.162161;restriction;
[serialize];id;16;it;3;ms;159.697;merge;
[sort_data];id;16;it;3;size;26604385;sizeof;4;buffer;
[serialize];id;16;it;3;ms;2009.59;aggr;
[query];id;16;it;4;ms;16.0735;validation;
[serialize];id;16;it;4;ms;0.161981;restriction;
[serialize];id;16;it;4;ms;159.104;merge;
[sort_data];id;16;it;4;size;26604385;sizeof;4;buffer;
[serialize];id;16;it;4;ms;2009.75;aggr;
[query];id;16;it;5;ms;15.9155;validation;
[serialize];id;16;it;5;ms;0.160475;restriction;
[serialize];id;16;it;5;ms;160.612;merge;
[sort_data];id;16;it;5;size;26604385;sizeof;4;buffer;
[serialize];id;16;it;5;ms;2009.57;aggr;
[query];id;16;it;6;ms;15.9269;validation;
[serialize];id;16;it;6;ms;0.160781;restriction;
[serialize];id;16;it;6;ms;159.195;merge;
[sort_data];id;16;it;6;size;26604385;sizeof;4;buffer;
[serialize];id;16;it;6;ms;2010.85;aggr;
[query];id;16;it;7;ms;15.9068;validation;
[serialize];id;16;it;7;ms;0.160334;restriction;
[serialize];id;16;it;7;ms;159.158;merge;
[sort_data];id;16;it;7;size;26604385;sizeof;4;buffer;
[serialize];id;16;it;7;ms;2010.27;aggr;
[query];id;16;it;8;ms;15.9322;validation;
[serialize];id;16;it;8;ms;0.161898;restriction;
[serialize];id;16;it;8;ms;159.265;merge;
[sort_data];id;16;it;8;size;26604385;sizeof;4;buffer;
[serialize];id;16;it;8;ms;2010.56;aggr;
[query];id;16;it;9;ms;15.9435;validation;
[serialize];id;16;it;9;ms;0.162919;restriction;
[serialize];id;16;it;9;ms;159.976;merge;
[sort_data];id;16;it;9;size;26604385;sizeof;4;buffer;
[serialize];id;16;it;9;ms;2010.55;aggr;
[query];id;17;it;0;ms;53.0778;validation;
[serialize];id;17;it;0;ms;0.873458;restriction;
[serialize];id;17;it;0;ms;374.206;merge;
[sort_data];id;17;it;0;size;26604385;sizeof;4;buffer;
[serialize];id;17;it;0;ms;2003.39;aggr;
[query];id;17;it;1;ms;53.0896;validation;
[serialize];id;17;it;1;ms;0.883506;restriction;
[serialize];id;17;it;1;ms;371.702;merge;
[sort_data];id;17;it;1;size;26604385;sizeof;4;buffer;
[serialize];id;17;it;1;ms;2003.52;aggr;
[query];id;17;it;2;ms;53.1123;validation;
[serialize];id;17;it;2;ms;0.872294;restriction;
[serialize];id;17;it;2;ms;373.946;merge;
[sort_data];id;17;it;2;size;26604385;sizeof;4;buffer;
[serialize];id;17;it;2;ms;2003.33;aggr;
[query];id;17;it;3;ms;53.1044;validation;
[serialize];id;17;it;3;ms;0.873938;restriction;
[serialize];id;17;it;3;ms;371.945;merge;
[sort_data];id;17;it;3;size;26604385;sizeof;4;buffer;
[serialize];id;17;it;3;ms;2003.76;aggr;
[query];id;17;it;4;ms;53.1227;validation;
[serialize];id;17;it;4;ms;0.871547;restriction;
[serialize];id;17;it;4;ms;372.311;merge;
[sort_data];id;17;it;4;size;26604385;sizeof;4;buffer;
[serialize];id;17;it;4;ms;2003.46;aggr;
[query];id;17;it;5;ms;54.6417;validation;
[serialize];id;17;it;5;ms;0.872875;restriction;
[serialize];id;17;it;5;ms;371.587;merge;
[sort_data];id;17;it;5;size;26604385;sizeof;4;buffer;
[serialize];id;17;it;5;ms;2003.58;aggr;
[query];id;17;it;6;ms;53.0542;validation;
[serialize];id;17;it;6;ms;0.875176;restriction;
[serialize];id;17;it;6;ms;371.942;merge;
[sort_data];id;17;it;6;size;26604385;sizeof;4;buffer;
[serialize];id;17;it;6;ms;2003.52;aggr;
[query];id;17;it;7;ms;53.1845;validation;
[serialize];id;17;it;7;ms;0.873818;restriction;
[serialize];id;17;it;7;ms;373.259;merge;
[sort_data];id;17;it;7;size;26604385;sizeof;4;buffer;
[serialize];id;17;it;7;ms;2003.27;aggr;
[query];id;17;it;8;ms;53.0836;validation;
[serialize];id;17;it;8;ms;0.872081;restriction;
[serialize];id;17;it;8;ms;371.806;merge;
[sort_data];id;17;it;8;size;26604385;sizeof;4;buffer;
[serialize];id;17;it;8;ms;2002.82;aggr;
[query];id;17;it;9;ms;53.1211;validation;
[serialize];id;17;it;9;ms;0.873569;restriction;
[serialize];id;17;it;9;ms;373.261;merge;
[sort_data];id;17;it;9;size;26604385;sizeof;4;buffer;
[serialize];id;17;it;9;ms;2002.99;aggr;
[query];id;18;it;0;ms;152.2;validation;
[serialize];id;18;it;0;ms;5.40822;restriction;
[serialize];id;18;it;0;ms;840.037;merge;
[sort_data];id;18;it;0;size;26604385;sizeof;4;buffer;
[serialize];id;18;it;0;ms;2008.14;aggr;
[query];id;18;it;1;ms;158.231;validation;
[serialize];id;18;it;1;ms;5.42753;restriction;
[serialize];id;18;it;1;ms;838.459;merge;
[sort_data];id;18;it;1;size;26604385;sizeof;4;buffer;
[serialize];id;18;it;1;ms;2006.36;aggr;
[query];id;18;it;2;ms;155.166;validation;
[serialize];id;18;it;2;ms;5.48669;restriction;
[serialize];id;18;it;2;ms;835.771;merge;
[sort_data];id;18;it;2;size;26604385;sizeof;4;buffer;
[serialize];id;18;it;2;ms;2009.86;aggr;
[query];id;18;it;3;ms;155.162;validation;
[serialize];id;18;it;3;ms;5.43521;restriction;
[serialize];id;18;it;3;ms;838.037;merge;
[sort_data];id;18;it;3;size;26604385;sizeof;4;buffer;
[serialize];id;18;it;3;ms;2007.14;aggr;
[query];id;18;it;4;ms;155.152;validation;
[serialize];id;18;it;4;ms;5.51499;restriction;
[serialize];id;18;it;4;ms;837.399;merge;
[sort_data];id;18;it;4;size;26604385;sizeof;4;buffer;
[serialize];id;18;it;4;ms;2007.45;aggr;
[query];id;18;it;5;ms;154.944;validation;
[serialize];id;18;it;5;ms;5.45051;restriction;
[serialize];id;18;it;5;ms;837.778;merge;
[sort_data];id;18;it;5;size;26604385;sizeof;4;buffer;
[serialize];id;18;it;5;ms;2007.3;aggr;
[query];id;18;it;6;ms;154.894;validation;
[serialize];id;18;it;6;ms;5.46108;restriction;
[serialize];id;18;it;6;ms;838.294;merge;
[sort_data];id;18;it;6;size;26604385;sizeof;4;buffer;
[serialize];id;18;it;6;ms;2007.02;aggr;
[query];id;18;it;7;ms;155.066;validation;
[serialize];id;18;it;7;ms;5.48113;restriction;
[serialize];id;18;it;7;ms;838.023;merge;
[sort_data];id;18;it;7;size;26604385;sizeof;4;buffer;
[serialize];id;18;it;7;ms;2007.37;aggr;
[query];id;18;it;8;ms;155.644;validation;
[serialize];id;18;it;8;ms;5.49721;restriction;
[serialize];id;18;it;8;ms;836.471;merge;
[sort_data];id;18;it;8;size;26604385;sizeof;4;buffer;
[serialize];id;18;it;8;ms;2006.36;aggr;
[query];id;18;it;9;ms;156.275;validation;
[serialize];id;18;it;9;ms;5.46541;restriction;
[serialize];id;18;it;9;ms;837.019;merge;
[sort_data];id;18;it;9;size;26604385;sizeof;4;buffer;
[serialize];id;18;it;9;ms;2006.85;aggr;
[query];id;19;it;0;ms;401.578;validation;
[serialize];id;19;it;0;ms;14.8969;restriction;
[serialize];id;19;it;0;ms;1313.37;merge;
[sort_data];id;19;it;0;size;26604385;sizeof;4;buffer;
[serialize];id;19;it;0;ms;2018.55;aggr;
[query];id;19;it;1;ms;401.398;validation;
[serialize];id;19;it;1;ms;14.8432;restriction;
[serialize];id;19;it;1;ms;1311.17;merge;
[sort_data];id;19;it;1;size;26604385;sizeof;4;buffer;
[serialize];id;19;it;1;ms;2018.83;aggr;
[query];id;19;it;2;ms;399.999;validation;
[serialize];id;19;it;2;ms;14.9281;restriction;
[serialize];id;19;it;2;ms;1313.25;merge;
[sort_data];id;19;it;2;size;26604385;sizeof;4;buffer;
[serialize];id;19;it;2;ms;2017.27;aggr;
[query];id;19;it;3;ms;400.879;validation;
[serialize];id;19;it;3;ms;14.9481;restriction;
[serialize];id;19;it;3;ms;1312.13;merge;
[sort_data];id;19;it;3;size;26604385;sizeof;4;buffer;
[serialize];id;19;it;3;ms;2015.93;aggr;
[query];id;19;it;4;ms;402.03;validation;
[serialize];id;19;it;4;ms;15.0415;restriction;
[serialize];id;19;it;4;ms;1315;merge;
[sort_data];id;19;it;4;size;26604385;sizeof;4;buffer;
[serialize];id;19;it;4;ms;2017.35;aggr;
[query];id;19;it;5;ms;401.97;validation;
[serialize];id;19;it;5;ms;14.9279;restriction;
[serialize];id;19;it;5;ms;1310.28;merge;
[sort_data];id;19;it;5;size;26604385;sizeof;4;buffer;
[serialize];id;19;it;5;ms;2017.41;aggr;
[query];id;19;it;6;ms;400.677;validation;
[serialize];id;19;it;6;ms;14.8895;restriction;
[serialize];id;19;it;6;ms;1314.12;merge;
[sort_data];id;19;it;6;size;26604385;sizeof;4;buffer;
[serialize];id;19;it;6;ms;2016.55;aggr;
[query];id;19;it;7;ms;400.533;validation;
[serialize];id;19;it;7;ms;14.8339;restriction;
[serialize];id;19;it;7;ms;1312.09;merge;
[sort_data];id;19;it;7;size;26604385;sizeof;4;buffer;
[serialize];id;19;it;7;ms;2016.53;aggr;
[query];id;19;it;8;ms;402.07;validation;
[serialize];id;19;it;8;ms;14.9313;restriction;
[serialize];id;19;it;8;ms;1312.99;merge;
[sort_data];id;19;it;8;size;26604385;sizeof;4;buffer;
[serialize];id;19;it;8;ms;2017.26;aggr;
[query];id;19;it;9;ms;399.922;validation;
[serialize];id;19;it;9;ms;14.9873;restriction;
[serialize];id;19;it;9;ms;1313.18;merge;
[sort_data];id;19;it;9;size;26604385;sizeof;4;buffer;
[serialize];id;19;it;9;ms;2016.12;aggr;
[query];id;20;it;0;ms;751.144;validation;
[serialize];id;20;it;0;ms;24.1786;restriction;
[serialize];id;20;it;0;ms;1527.15;merge;
[sort_data];id;20;it;0;size;26604385;sizeof;4;buffer;
[serialize];id;20;it;0;ms;2012.7;aggr;
[query];id;20;it;1;ms;750.629;validation;
[serialize];id;20;it;1;ms;24.1204;restriction;
[serialize];id;20;it;1;ms;1527.36;merge;
[sort_data];id;20;it;1;size;26604385;sizeof;4;buffer;
[serialize];id;20;it;1;ms;2012.82;aggr;
[query];id;20;it;2;ms;750.914;validation;
[serialize];id;20;it;2;ms;24.1353;restriction;
[serialize];id;20;it;2;ms;1528.28;merge;
[sort_data];id;20;it;2;size;26604385;sizeof;4;buffer;
[serialize];id;20;it;2;ms;2012.59;aggr;
[query];id;20;it;3;ms;749.239;validation;
[serialize];id;20;it;3;ms;24.1571;restriction;
[serialize];id;20;it;3;ms;1529.17;merge;
[sort_data];id;20;it;3;size;26604385;sizeof;4;buffer;
[serialize];id;20;it;3;ms;2013.13;aggr;
[query];id;20;it;4;ms;749.86;validation;
[serialize];id;20;it;4;ms;24.1328;restriction;
[serialize];id;20;it;4;ms;1526.92;merge;
[sort_data];id;20;it;4;size;26604385;sizeof;4;buffer;
[serialize];id;20;it;4;ms;2013.25;aggr;
[query];id;20;it;5;ms;751.428;validation;
[serialize];id;20;it;5;ms;24.1975;restriction;
[serialize];id;20;it;5;ms;1529.04;merge;
[sort_data];id;20;it;5;size;26604385;sizeof;4;buffer;
[serialize];id;20;it;5;ms;2012.84;aggr;
[query];id;20;it;6;ms;749.494;validation;
[serialize];id;20;it;6;ms;24.2119;restriction;
[serialize];id;20;it;6;ms;1528.56;merge;
[sort_data];id;20;it;6;size;26604385;sizeof;4;buffer;
[serialize];id;20;it;6;ms;2012.85;aggr;
[query];id;20;it;7;ms;750.646;validation;
[serialize];id;20;it;7;ms;24.1353;restriction;
[serialize];id;20;it;7;ms;1527.23;merge;
[sort_data];id;20;it;7;size;26604385;sizeof;4;buffer;
[serialize];id;20;it;7;ms;2012.48;aggr;
[query];id;20;it;8;ms;751.347;validation;
[serialize];id;20;it;8;ms;24.2815;restriction;
[serialize];id;20;it;8;ms;1527.32;merge;
[sort_data];id;20;it;8;size;26604385;sizeof;4;buffer;
[serialize];id;20;it;8;ms;2012.71;aggr;
[query];id;20;it;9;ms;752.12;validation;
[serialize];id;20;it;9;ms;24.2251;restriction;
[serialize];id;20;it;9;ms;1528.77;merge;
[sort_data];id;20;it;9;size;26604385;sizeof;4;buffer;
[serialize];id;20;it;9;ms;2013.31;aggr;
[query];id;21;it;0;ms;1137.68;validation;
[serialize];id;21;it;0;ms;28.5438;restriction;
[serialize];id;21;it;0;ms;1568.68;merge;
[sort_data];id;21;it;0;size;26604385;sizeof;4;buffer;
[serialize];id;21;it;0;ms;2017.86;aggr;
[query];id;21;it;1;ms;1136.26;validation;
[serialize];id;21;it;1;ms;27.9642;restriction;
[serialize];id;21;it;1;ms;1568.78;merge;
[sort_data];id;21;it;1;size;26604385;sizeof;4;buffer;
[serialize];id;21;it;1;ms;2019.01;aggr;
[query];id;21;it;2;ms;1137.04;validation;
[serialize];id;21;it;2;ms;28.0286;restriction;
[serialize];id;21;it;2;ms;1570.52;merge;
[sort_data];id;21;it;2;size;26604385;sizeof;4;buffer;
[serialize];id;21;it;2;ms;2018.15;aggr;
[query];id;21;it;3;ms;1137.06;validation;
[serialize];id;21;it;3;ms;27.9996;restriction;
[serialize];id;21;it;3;ms;1570.04;merge;
[sort_data];id;21;it;3;size;26604385;sizeof;4;buffer;
[serialize];id;21;it;3;ms;2017.14;aggr;
[query];id;21;it;4;ms;1137.11;validation;
[serialize];id;21;it;4;ms;27.9959;restriction;
[serialize];id;21;it;4;ms;1568.68;merge;
[sort_data];id;21;it;4;size;26604385;sizeof;4;buffer;
[serialize];id;21;it;4;ms;2018.64;aggr;
[query];id;21;it;5;ms;1138.59;validation;
[serialize];id;21;it;5;ms;28.0513;restriction;
[serialize];id;21;it;5;ms;1568.28;merge;
[sort_data];id;21;it;5;size;26604385;sizeof;4;buffer;
[serialize];id;21;it;5;ms;2017.81;aggr;
[query];id;21;it;6;ms;1137.09;validation;
[serialize];id;21;it;6;ms;28.0701;restriction;
[serialize];id;21;it;6;ms;1570.51;merge;
[sort_data];id;21;it;6;size;26604385;sizeof;4;buffer;
[serialize];id;21;it;6;ms;2018.07;aggr;
[query];id;21;it;7;ms;1137.34;validation;
[serialize];id;21;it;7;ms;28.0186;restriction;
[serialize];id;21;it;7;ms;1569.69;merge;
[sort_data];id;21;it;7;size;26604385;sizeof;4;buffer;
[serialize];id;21;it;7;ms;2018.04;aggr;
[query];id;21;it;8;ms;1137.1;validation;
[serialize];id;21;it;8;ms;28.0279;restriction;
[serialize];id;21;it;8;ms;1568.65;merge;
[sort_data];id;21;it;8;size;26604385;sizeof;4;buffer;
[serialize];id;21;it;8;ms;2018;aggr;
[query];id;21;it;9;ms;1139.83;validation;
[serialize];id;21;it;9;ms;28.6378;restriction;
[serialize];id;21;it;9;ms;1568.58;merge;
[sort_data];id;21;it;9;size;26604385;sizeof;4;buffer;
[serialize];id;21;it;9;ms;2017.57;aggr;
[query];id;22;it;0;ms;1399.67;validation;
[serialize];id;22;it;0;ms;31.9233;restriction;
[serialize];id;22;it;0;ms;1647.11;merge;
[sort_data];id;22;it;0;size;26604385;sizeof;4;buffer;
[serialize];id;22;it;0;ms;2016.96;aggr;
[query];id;22;it;1;ms;1400.38;validation;
[serialize];id;22;it;1;ms;29.3345;restriction;
[serialize];id;22;it;1;ms;1646.97;merge;
[sort_data];id;22;it;1;size;26604385;sizeof;4;buffer;
[serialize];id;22;it;1;ms;2016.98;aggr;
[query];id;22;it;2;ms;1401.21;validation;
[serialize];id;22;it;2;ms;29.2372;restriction;
[serialize];id;22;it;2;ms;1647.11;merge;
[sort_data];id;22;it;2;size;26604385;sizeof;4;buffer;
[serialize];id;22;it;2;ms;2017;aggr;
[query];id;22;it;3;ms;1400.73;validation;
[serialize];id;22;it;3;ms;29.3341;restriction;
[serialize];id;22;it;3;ms;1647.43;merge;
[sort_data];id;22;it;3;size;26604385;sizeof;4;buffer;
[serialize];id;22;it;3;ms;2016.32;aggr;
[query];id;22;it;4;ms;1401.08;validation;
[serialize];id;22;it;4;ms;29.3576;restriction;
[serialize];id;22;it;4;ms;1647.23;merge;
[sort_data];id;22;it;4;size;26604385;sizeof;4;buffer;
[serialize];id;22;it;4;ms;2017.21;aggr;
[query];id;22;it;5;ms;1401.5;validation;
[serialize];id;22;it;5;ms;29.4217;restriction;
[serialize];id;22;it;5;ms;1648.1;merge;
[sort_data];id;22;it;5;size;26604385;sizeof;4;buffer;
[serialize];id;22;it;5;ms;2016.52;aggr;
[query];id;22;it;6;ms;1400.62;validation;
[serialize];id;22;it;6;ms;29.2983;restriction;
[serialize];id;22;it;6;ms;1648.47;merge;
[sort_data];id;22;it;6;size;26604385;sizeof;4;buffer;
[serialize];id;22;it;6;ms;2016.67;aggr;
[query];id;22;it;7;ms;1399.62;validation;
[serialize];id;22;it;7;ms;29.2659;restriction;
[serialize];id;22;it;7;ms;1648.97;merge;
[sort_data];id;22;it;7;size;26604385;sizeof;4;buffer;
[serialize];id;22;it;7;ms;2016.91;aggr;
[query];id;22;it;8;ms;1400.03;validation;
[serialize];id;22;it;8;ms;29.2487;restriction;
[serialize];id;22;it;8;ms;1648.66;merge;
[sort_data];id;22;it;8;size;26604385;sizeof;4;buffer;
[serialize];id;22;it;8;ms;2017.66;aggr;
[query];id;22;it;9;ms;1400.89;validation;
[serialize];id;22;it;9;ms;29.3295;restriction;
[serialize];id;22;it;9;ms;1648.63;merge;
[sort_data];id;22;it;9;size;26604385;sizeof;4;buffer;
[serialize];id;22;it;9;ms;2016.7;aggr;
[query];id;23;it;0;ms;1620.82;validation;
[serialize];id;23;it;0;ms;29.388;restriction;
[serialize];id;23;it;0;ms;1648.24;merge;
[sort_data];id;23;it;0;size;26604385;sizeof;4;buffer;
[serialize];id;23;it;0;ms;2017.5;aggr;
[query];id;23;it;1;ms;1621.89;validation;
[serialize];id;23;it;1;ms;29.4583;restriction;
[serialize];id;23;it;1;ms;1645.83;merge;
[sort_data];id;23;it;1;size;26604385;sizeof;4;buffer;
[serialize];id;23;it;1;ms;2016.75;aggr;
[query];id;23;it;2;ms;1622.44;validation;
[serialize];id;23;it;2;ms;29.4611;restriction;
[serialize];id;23;it;2;ms;1647.21;merge;
[sort_data];id;23;it;2;size;26604385;sizeof;4;buffer;
[serialize];id;23;it;2;ms;2017.1;aggr;
[query];id;23;it;3;ms;1621.43;validation;
[serialize];id;23;it;3;ms;29.4323;restriction;
[serialize];id;23;it;3;ms;1648.13;merge;
[sort_data];id;23;it;3;size;26604385;sizeof;4;buffer;
[serialize];id;23;it;3;ms;2016.89;aggr;
[query];id;23;it;4;ms;1623.25;validation;
[serialize];id;23;it;4;ms;29.4311;restriction;
[serialize];id;23;it;4;ms;1646.45;merge;
[sort_data];id;23;it;4;size;26604385;sizeof;4;buffer;
[serialize];id;23;it;4;ms;2017.29;aggr;
[query];id;23;it;5;ms;1622.08;validation;
[serialize];id;23;it;5;ms;29.4411;restriction;
[serialize];id;23;it;5;ms;1647.78;merge;
[sort_data];id;23;it;5;size;26604385;sizeof;4;buffer;
[serialize];id;23;it;5;ms;2017.33;aggr;
[query];id;23;it;6;ms;1621.09;validation;
[serialize];id;23;it;6;ms;29.4632;restriction;
[serialize];id;23;it;6;ms;1648.16;merge;
[sort_data];id;23;it;6;size;26604385;sizeof;4;buffer;
[serialize];id;23;it;6;ms;2017.4;aggr;
[query];id;23;it;7;ms;1621.44;validation;
[serialize];id;23;it;7;ms;31.3843;restriction;
[serialize];id;23;it;7;ms;1645.65;merge;
[sort_data];id;23;it;7;size;26604385;sizeof;4;buffer;
[serialize];id;23;it;7;ms;2016.93;aggr;
[query];id;23;it;8;ms;1621.4;validation;
[serialize];id;23;it;8;ms;29.8348;restriction;
[serialize];id;23;it;8;ms;1646.05;merge;
[sort_data];id;23;it;8;size;26604385;sizeof;4;buffer;
[serialize];id;23;it;8;ms;2017.3;aggr;
[query];id;23;it;9;ms;1622.31;validation;
[serialize];id;23;it;9;ms;29.4272;restriction;
[serialize];id;23;it;9;ms;1647.69;merge;
[sort_data];id;23;it;9;size;26604385;sizeof;4;buffer;
[serialize];id;23;it;9;ms;2016.8;aggr;
[query];id;24;it;0;ms;1843.89;validation;
[serialize];id;24;it;0;ms;29.2849;restriction;
[serialize];id;24;it;0;ms;1743.62;merge;
[sort_data];id;24;it;0;size;26604385;sizeof;4;buffer;
[serialize];id;24;it;0;ms;2016.95;aggr;
[query];id;24;it;1;ms;1844.89;validation;
[serialize];id;24;it;1;ms;29.3079;restriction;
[serialize];id;24;it;1;ms;1745.41;merge;
[sort_data];id;24;it;1;size;26604385;sizeof;4;buffer;
[serialize];id;24;it;1;ms;2017.23;aggr;
[query];id;24;it;2;ms;1844.15;validation;
[serialize];id;24;it;2;ms;29.3953;restriction;
[serialize];id;24;it;2;ms;1744.72;merge;
[sort_data];id;24;it;2;size;26604385;sizeof;4;buffer;
[serialize];id;24;it;2;ms;2017.53;aggr;
[query];id;24;it;3;ms;1842.75;validation;
[serialize];id;24;it;3;ms;29.3403;restriction;
[serialize];id;24;it;3;ms;1745.46;merge;
[sort_data];id;24;it;3;size;26604385;sizeof;4;buffer;
[serialize];id;24;it;3;ms;2017.73;aggr;
[query];id;24;it;4;ms;1844.48;validation;
[serialize];id;24;it;4;ms;29.2898;restriction;
[serialize];id;24;it;4;ms;1745.09;merge;
[sort_data];id;24;it;4;size;26604385;sizeof;4;buffer;
[serialize];id;24;it;4;ms;2017.03;aggr;
[query];id;24;it;5;ms;1843.17;validation;
[serialize];id;24;it;5;ms;29.3235;restriction;
[serialize];id;24;it;5;ms;1743.68;merge;
[sort_data];id;24;it;5;size;26604385;sizeof;4;buffer;
[serialize];id;24;it;5;ms;2017.46;aggr;
[query];id;24;it;6;ms;1843.55;validation;
[serialize];id;24;it;6;ms;29.2898;restriction;
[serialize];id;24;it;6;ms;1745.24;merge;
[sort_data];id;24;it;6;size;26604385;sizeof;4;buffer;
[serialize];id;24;it;6;ms;2016.39;aggr;
[query];id;24;it;7;ms;1843.32;validation;
[serialize];id;24;it;7;ms;29.2844;restriction;
[serialize];id;24;it;7;ms;1744.7;merge;
[sort_data];id;24;it;7;size;26604385;sizeof;4;buffer;
[serialize];id;24;it;7;ms;2017.38;aggr;
[query];id;24;it;8;ms;1842.76;validation;
[serialize];id;24;it;8;ms;32.0872;restriction;
[serialize];id;24;it;8;ms;1743.21;merge;
[sort_data];id;24;it;8;size;26604385;sizeof;4;buffer;
[serialize];id;24;it;8;ms;2017.08;aggr;
[query];id;24;it;9;ms;1844.64;validation;
[serialize];id;24;it;9;ms;29.2872;restriction;
[serialize];id;24;it;9;ms;1745.29;merge;
[sort_data];id;24;it;9;size;26604385;sizeof;4;buffer;
[serialize];id;24;it;9;ms;2018.01;aggr;
[query];id;25;it;0;ms;1847.5;validation;
[serialize];id;25;it;0;ms;29.2983;restriction;
[serialize];id;25;it;0;ms;1743.33;merge;
[sort_data];id;25;it;0;size;26604385;sizeof;4;buffer;
[serialize];id;25;it;0;ms;2017.43;aggr;
[query];id;25;it;1;ms;1836.95;validation;
[serialize];id;25;it;1;ms;29.3257;restriction;
[serialize];id;25;it;1;ms;1745.57;merge;
[sort_data];id;25;it;1;size;26604385;sizeof;4;buffer;
[serialize];id;25;it;1;ms;2016.58;aggr;
[query];id;25;it;2;ms;1836.95;validation;
[serialize];id;25;it;2;ms;29.2573;restriction;
[serialize];id;25;it;2;ms;1745.26;merge;
[sort_data];id;25;it;2;size;26604385;sizeof;4;buffer;
[serialize];id;25;it;2;ms;2017.65;aggr;
[query];id;25;it;3;ms;1837.71;validation;
[serialize];id;25;it;3;ms;29.2972;restriction;
[serialize];id;25;it;3;ms;1743.52;merge;
[sort_data];id;25;it;3;size;26604385;sizeof;4;buffer;
[serialize];id;25;it;3;ms;2017.06;aggr;
[query];id;25;it;4;ms;1836.25;validation;
[serialize];id;25;it;4;ms;29.2871;restriction;
[serialize];id;25;it;4;ms;1745.33;merge;
[sort_data];id;25;it;4;size;26604385;sizeof;4;buffer;
[serialize];id;25;it;4;ms;2017.57;aggr;
[query];id;25;it;5;ms;1836.24;validation;
[serialize];id;25;it;5;ms;29.5663;restriction;
[serialize];id;25;it;5;ms;1745.21;merge;
[sort_data];id;25;it;5;size;26604385;sizeof;4;buffer;
[serialize];id;25;it;5;ms;2016.77;aggr;
[query];id;25;it;6;ms;1835.77;validation;
[serialize];id;25;it;6;ms;29.2942;restriction;
[serialize];id;25;it;6;ms;1745.49;merge;
[sort_data];id;25;it;6;size;26604385;sizeof;4;buffer;
[serialize];id;25;it;6;ms;2017.01;aggr;
[query];id;25;it;7;ms;1836.43;validation;
[serialize];id;25;it;7;ms;29.2784;restriction;
[serialize];id;25;it;7;ms;1744.91;merge;
[sort_data];id;25;it;7;size;26604385;sizeof;4;buffer;
[serialize];id;25;it;7;ms;2017.5;aggr;
[query];id;25;it;8;ms;1836.53;validation;
[serialize];id;25;it;8;ms;29.2934;restriction;
[serialize];id;25;it;8;ms;1743.8;merge;
[sort_data];id;25;it;8;size;26604385;sizeof;4;buffer;
[serialize];id;25;it;8;ms;2016.95;aggr;
[query];id;25;it;9;ms;1836.34;validation;
[serialize];id;25;it;9;ms;29.2847;restriction;
[serialize];id;25;it;9;ms;1745.39;merge;
[sort_data];id;25;it;9;size;26604385;sizeof;4;buffer;
[serialize];id;25;it;9;ms;2017.39;aggr;
