[query];id;0;it;0;ms;0.051378;validation;
[serialize];id;0;it;0;ms;0.001085;restriction;
[serialize];id;0;it;0;ms;4294.16;merge;
[serialize];id;0;it;0;ms;20.5506;aggr;
[query];id;0;it;1;ms;0.046981;validation;
[serialize];id;0;it;1;ms;0.000729;restriction;
[serialize];id;0;it;1;ms;4277.99;merge;
[serialize];id;0;it;1;ms;20.5536;aggr;
[query];id;0;it;2;ms;0.048811;validation;
[serialize];id;0;it;2;ms;0.000816;restriction;
[serialize];id;0;it;2;ms;4283.83;merge;
[serialize];id;0;it;2;ms;20.5323;aggr;
[query];id;1;it;0;ms;0.004823;validation;
[serialize];id;1;it;0;ms;0.00027;empty;
[query];id;1;it;1;ms;0.001517;validation;
[serialize];id;1;it;1;ms;2e-05;empty;
[query];id;1;it;2;ms;0.001141;validation;
[serialize];id;1;it;2;ms;2.2e-05;empty;
[query];id;2;it;0;ms;0.069292;validation;
[serialize];id;2;it;0;ms;0.000856;restriction;
[serialize];id;2;it;0;ms;4318.03;merge;
[serialize];id;2;it;0;ms;24.1339;aggr;
[query];id;2;it;1;ms;0.071397;validation;
[serialize];id;2;it;1;ms;0.000786;restriction;
[serialize];id;2;it;1;ms;4317.11;merge;
[serialize];id;2;it;1;ms;24.1225;aggr;
[query];id;2;it;2;ms;0.070679;validation;
[serialize];id;2;it;2;ms;0.000846;restriction;
[serialize];id;2;it;2;ms;4349.14;merge;
[serialize];id;2;it;2;ms;24.247;aggr;
[query];id;3;it;0;ms;0.005145;validation;
[serialize];id;3;it;0;ms;2.8e-05;empty;
[query];id;3;it;1;ms;0.001596;validation;
[serialize];id;3;it;1;ms;2e-05;empty;
[query];id;3;it;2;ms;0.00127;validation;
[serialize];id;3;it;2;ms;1.6e-05;empty;
[query];id;4;it;0;ms;0.003457;validation;
[serialize];id;4;it;0;ms;0.00069;restriction;
[serialize];id;4;it;0;ms;1.48632;merge;
[serialize];id;4;it;0;ms;0.302658;aggr;
[query];id;4;it;1;ms;0.004151;validation;
[serialize];id;4;it;1;ms;0.000167;restriction;
[serialize];id;4;it;1;ms;1.34126;merge;
[serialize];id;4;it;1;ms;0.300018;aggr;
[query];id;4;it;2;ms;0.003848;validation;
[serialize];id;4;it;2;ms;0.000249;restriction;
[serialize];id;4;it;2;ms;1.26062;merge;
[serialize];id;4;it;2;ms;0.301012;aggr;
[query];id;5;it;0;ms;0.002749;validation;
[serialize];id;5;it;0;ms;2.1e-05;empty;
[query];id;5;it;1;ms;0.001575;validation;
[serialize];id;5;it;1;ms;1.4e-05;empty;
[query];id;5;it;2;ms;0.001126;validation;
[serialize];id;5;it;2;ms;1.4e-05;empty;
[query];id;6;it;0;ms;0.043303;validation;
[serialize];id;6;it;0;ms;0.000475;restriction;
[serialize];id;6;it;0;ms;4279.25;merge;
[serialize];id;6;it;0;ms;20.5391;aggr;
[query];id;6;it;1;ms;0.044877;validation;
[serialize];id;6;it;1;ms;0.000705;restriction;
[serialize];id;6;it;1;ms;4262.57;merge;
[serialize];id;6;it;1;ms;20.5525;aggr;
[query];id;6;it;2;ms;0.047752;validation;
[serialize];id;6;it;2;ms;0.000793;restriction;
[serialize];id;6;it;2;ms;4263.79;merge;
[serialize];id;6;it;2;ms;20.5749;aggr;
[query];id;7;it;0;ms;0.005058;validation;
[serialize];id;7;it;0;ms;2.8e-05;empty;
[query];id;7;it;1;ms;0.00147;validation;
[serialize];id;7;it;1;ms;2e-05;empty;
[query];id;7;it;2;ms;0.001125;validation;
[serialize];id;7;it;2;ms;1.9e-05;empty;
[query];id;8;it;0;ms;0.066542;validation;
[serialize];id;8;it;0;ms;0.00074;restriction;
[serialize];id;8;it;0;ms;4318.05;merge;
[serialize];id;8;it;0;ms;24.1723;aggr;
[query];id;8;it;1;ms;0.070596;validation;
[serialize];id;8;it;1;ms;0.000783;restriction;
[serialize];id;8;it;1;ms;4317.16;merge;
[serialize];id;8;it;1;ms;24.1292;aggr;
[query];id;8;it;2;ms;0.068285;validation;
[serialize];id;8;it;2;ms;0.000852;restriction;
[serialize];id;8;it;2;ms;4317.94;merge;
[serialize];id;8;it;2;ms;24.1354;aggr;
[query];id;9;it;0;ms;0.005073;validation;
[serialize];id;9;it;0;ms;2.8e-05;empty;
[query];id;9;it;1;ms;0.0015;validation;
[serialize];id;9;it;1;ms;2e-05;empty;
[query];id;9;it;2;ms;0.001186;validation;
[serialize];id;9;it;2;ms;1.6e-05;empty;
[query];id;10;it;0;ms;0.003383;validation;
[serialize];id;10;it;0;ms;0.000479;restriction;
[serialize];id;10;it;0;ms;1.38359;merge;
[serialize];id;10;it;0;ms;0.301432;aggr;
[query];id;10;it;1;ms;0.003125;validation;
[serialize];id;10;it;1;ms;0.000165;restriction;
[serialize];id;10;it;1;ms;1.02614;merge;
[serialize];id;10;it;1;ms;0.299947;aggr;
[query];id;10;it;2;ms;0.00299;validation;
[serialize];id;10;it;2;ms;0.000167;restriction;
[serialize];id;10;it;2;ms;1.03025;merge;
[serialize];id;10;it;2;ms;0.300127;aggr;
[query];id;11;it;0;ms;0.002228;validation;
[serialize];id;11;it;0;ms;2.5e-05;empty;
[query];id;11;it;1;ms;0.001325;validation;
[serialize];id;11;it;1;ms;2.1e-05;empty;
[query];id;11;it;2;ms;0.00111;validation;
[serialize];id;11;it;2;ms;1.4e-05;empty;
[query];id;12;it;0;ms;0.001382;validation;
[serialize];id;12;it;0;ms;1.5e-05;empty;
[query];id;12;it;1;ms;0.001082;validation;
[serialize];id;12;it;1;ms;1.5e-05;empty;
[query];id;12;it;2;ms;0.001066;validation;
[serialize];id;12;it;2;ms;1.6e-05;empty;
[query];id;13;it;0;ms;0.001077;validation;
[serialize];id;13;it;0;ms;1.5e-05;empty;
[query];id;13;it;1;ms;0.001061;validation;
[serialize];id;13;it;1;ms;1.6e-05;empty;
[query];id;13;it;2;ms;0.001079;validation;
[serialize];id;13;it;2;ms;1.6e-05;empty;
[query];id;14;it;0;ms;0.001066;validation;
[serialize];id;14;it;0;ms;1.4e-05;empty;
[query];id;14;it;1;ms;0.001048;validation;
[serialize];id;14;it;1;ms;1.3e-05;empty;
[query];id;14;it;2;ms;0.001037;validation;
[serialize];id;14;it;2;ms;1.6e-05;empty;
[query];id;15;it;0;ms;0.001039;validation;
[serialize];id;15;it;0;ms;1.6e-05;empty;
[query];id;15;it;1;ms;0.001027;validation;
[serialize];id;15;it;1;ms;1.3e-05;empty;
[query];id;15;it;2;ms;0.001039;validation;
[serialize];id;15;it;2;ms;1.3e-05;empty;
[query];id;16;it;0;ms;0.00113;validation;
[serialize];id;16;it;0;ms;1.4e-05;empty;
[query];id;16;it;1;ms;0.001054;validation;
[serialize];id;16;it;1;ms;1.6e-05;empty;
[query];id;16;it;2;ms;0.00105;validation;
[serialize];id;16;it;2;ms;1.6e-05;empty;
[query];id;17;it;0;ms;0.001051;validation;
[serialize];id;17;it;0;ms;1.3e-05;empty;
[query];id;17;it;1;ms;0.001061;validation;
[serialize];id;17;it;1;ms;1.4e-05;empty;
[query];id;17;it;2;ms;0.001049;validation;
[serialize];id;17;it;2;ms;1.6e-05;empty;
[query];id;18;it;0;ms;0.044813;validation;
[serialize];id;18;it;0;ms;0.00034;restriction;
[serialize];id;18;it;0;ms;2063.83;merge;
[serialize];id;18;it;0;ms;13.0683;aggr;
[query];id;18;it;1;ms;0.052102;validation;
[serialize];id;18;it;1;ms;0.000705;restriction;
[serialize];id;18;it;1;ms;2061.85;merge;
[serialize];id;18;it;1;ms;13.0895;aggr;
[query];id;18;it;2;ms;0.049565;validation;
[serialize];id;18;it;2;ms;0.000664;restriction;
[serialize];id;18;it;2;ms;2062.1;merge;
[serialize];id;18;it;2;ms;13.0867;aggr;
[query];id;19;it;0;ms;0.04896;validation;
[serialize];id;19;it;0;ms;0.000669;restriction;
[serialize];id;19;it;0;ms;2061;merge;
[serialize];id;19;it;0;ms;13.0771;aggr;
[query];id;19;it;1;ms;0.050389;validation;
[serialize];id;19;it;1;ms;0.00073;restriction;
[serialize];id;19;it;1;ms;2061.18;merge;
[serialize];id;19;it;1;ms;13.0728;aggr;
[query];id;19;it;2;ms;0.052834;validation;
[serialize];id;19;it;2;ms;0.000715;restriction;
[serialize];id;19;it;2;ms;2061.85;merge;
[serialize];id;19;it;2;ms;13.1076;aggr;
[query];id;20;it;0;ms;0.045336;validation;
[serialize];id;20;it;0;ms;0.000671;restriction;
[serialize];id;20;it;0;ms;2282.95;merge;
[serialize];id;20;it;0;ms;12.338;aggr;
[query];id;20;it;1;ms;0.044748;validation;
[serialize];id;20;it;1;ms;0.000674;restriction;
[serialize];id;20;it;1;ms;2298.66;merge;
[serialize];id;20;it;1;ms;12.4578;aggr;
[query];id;20;it;2;ms;0.0498;validation;
[serialize];id;20;it;2;ms;0.000921;restriction;
[serialize];id;20;it;2;ms;2294.66;merge;
[serialize];id;20;it;2;ms;12.3735;aggr;
[query];id;21;it;0;ms;0.044175;validation;
[serialize];id;21;it;0;ms;0.000764;restriction;
[serialize];id;21;it;0;ms;2287.59;merge;
[serialize];id;21;it;0;ms;12.3506;aggr;
[query];id;21;it;1;ms;0.046193;validation;
[serialize];id;21;it;1;ms;0.000678;restriction;
[serialize];id;21;it;1;ms;2282.98;merge;
[serialize];id;21;it;1;ms;12.3669;aggr;
[query];id;21;it;2;ms;0.044429;validation;
[serialize];id;21;it;2;ms;0.00074;restriction;
[serialize];id;21;it;2;ms;2283.92;merge;
[serialize];id;21;it;2;ms;12.3527;aggr;
[query];id;22;it;0;ms;0.005055;validation;
[serialize];id;22;it;0;ms;2.4e-05;empty;
[query];id;22;it;1;ms;0.001374;validation;
[serialize];id;22;it;1;ms;1.6e-05;empty;
[query];id;22;it;2;ms;0.001148;validation;
[serialize];id;22;it;2;ms;1.4e-05;empty;
[query];id;23;it;0;ms;0.00107;validation;
[serialize];id;23;it;0;ms;2.1e-05;empty;
[query];id;23;it;1;ms;0.00104;validation;
[serialize];id;23;it;1;ms;2e-05;empty;
[query];id;23;it;2;ms;0.001021;validation;
[serialize];id;23;it;2;ms;2.1e-05;empty;
[query];id;24;it;0;ms;0.001401;validation;
[serialize];id;24;it;0;ms;1.5e-05;empty;
[query];id;24;it;1;ms;0.001067;validation;
[serialize];id;24;it;1;ms;1.5e-05;empty;
[query];id;24;it;2;ms;0.001028;validation;
[serialize];id;24;it;2;ms;1.4e-05;empty;
[query];id;25;it;0;ms;0.001037;validation;
[serialize];id;25;it;0;ms;1.7e-05;empty;
[query];id;25;it;1;ms;0.001049;validation;
[serialize];id;25;it;1;ms;1.6e-05;empty;
[query];id;25;it;2;ms;0.001035;validation;
[serialize];id;25;it;2;ms;1.4e-05;empty;
[query];id;26;it;0;ms;0.001041;validation;
[serialize];id;26;it;0;ms;1.6e-05;empty;
[query];id;26;it;1;ms;0.001034;validation;
[serialize];id;26;it;1;ms;1.6e-05;empty;
[query];id;26;it;2;ms;0.001034;validation;
[serialize];id;26;it;2;ms;1.4e-05;empty;
[query];id;27;it;0;ms;0.001045;validation;
[serialize];id;27;it;0;ms;1.6e-05;empty;
[query];id;27;it;1;ms;0.001041;validation;
[serialize];id;27;it;1;ms;1.6e-05;empty;
[query];id;27;it;2;ms;0.001032;validation;
[serialize];id;27;it;2;ms;1.6e-05;empty;
[query];id;28;it;0;ms;0.041501;validation;
[serialize];id;28;it;0;ms;0.000789;restriction;
[serialize];id;28;it;0;ms;4266.09;merge;
[serialize];id;28;it;0;ms;20.5725;aggr;
[query];id;28;it;1;ms;0.047762;validation;
[serialize];id;28;it;1;ms;0.000713;restriction;
[serialize];id;28;it;1;ms;4297.78;merge;
[serialize];id;28;it;1;ms;20.6497;aggr;
[query];id;28;it;2;ms;0.050613;validation;
[serialize];id;28;it;2;ms;0.000755;restriction;
[serialize];id;28;it;2;ms;4267.03;merge;
[serialize];id;28;it;2;ms;20.5819;aggr;
[query];id;29;it;0;ms;0.005241;validation;
[serialize];id;29;it;0;ms;2.8e-05;empty;
[query];id;29;it;1;ms;0.001406;validation;
[serialize];id;29;it;1;ms;2e-05;empty;
[query];id;29;it;2;ms;0.001192;validation;
[serialize];id;29;it;2;ms;2e-05;empty;
[query];id;30;it;0;ms;0.067513;validation;
[serialize];id;30;it;0;ms;0.0008;restriction;
[serialize];id;30;it;0;ms;4316.42;merge;
[serialize];id;30;it;0;ms;24.0929;aggr;
[query];id;30;it;1;ms;0.070653;validation;
[serialize];id;30;it;1;ms;0.000846;restriction;
[serialize];id;30;it;1;ms;4316.54;merge;
[serialize];id;30;it;1;ms;24.106;aggr;
[query];id;30;it;2;ms;0.070302;validation;
[serialize];id;30;it;2;ms;0.001064;restriction;
[serialize];id;30;it;2;ms;4314.94;merge;
[serialize];id;30;it;2;ms;24.146;aggr;
[query];id;31;it;0;ms;0.005267;validation;
[serialize];id;31;it;0;ms;2.8e-05;empty;
[query];id;31;it;1;ms;0.00137;validation;
[serialize];id;31;it;1;ms;2e-05;empty;
[query];id;31;it;2;ms;0.001113;validation;
[serialize];id;31;it;2;ms;1.4e-05;empty;
[query];id;32;it;0;ms;0.003254;validation;
[serialize];id;32;it;0;ms;0.000542;restriction;
[serialize];id;32;it;0;ms;1.3841;merge;
[serialize];id;32;it;0;ms;0.301351;aggr;
[query];id;32;it;1;ms;0.003045;validation;
[serialize];id;32;it;1;ms;0.000162;restriction;
[serialize];id;32;it;1;ms;1.03156;merge;
[serialize];id;32;it;1;ms;0.299376;aggr;
[query];id;32;it;2;ms;0.003056;validation;
[serialize];id;32;it;2;ms;0.000173;restriction;
[serialize];id;32;it;2;ms;1.02417;merge;
[serialize];id;32;it;2;ms;0.300865;aggr;
[query];id;33;it;0;ms;0.002235;validation;
[serialize];id;33;it;0;ms;1.4e-05;empty;
[query];id;33;it;1;ms;0.001277;validation;
[serialize];id;33;it;1;ms;1.7e-05;empty;
[query];id;33;it;2;ms;0.001121;validation;
[serialize];id;33;it;2;ms;1.5e-05;empty;
[query];id;34;it;0;ms;0.044211;validation;
[serialize];id;34;it;0;ms;0.000401;restriction;
[serialize];id;34;it;0;ms;4263.45;merge;
[serialize];id;34;it;0;ms;20.5311;aggr;
[query];id;34;it;1;ms;0.047496;validation;
[serialize];id;34;it;1;ms;0.000701;restriction;
[serialize];id;34;it;1;ms;4264.85;merge;
[serialize];id;34;it;1;ms;20.5614;aggr;
[query];id;34;it;2;ms;0.046352;validation;
[serialize];id;34;it;2;ms;0.000724;restriction;
[serialize];id;34;it;2;ms;4265.44;merge;
[serialize];id;34;it;2;ms;20.5704;aggr;
[query];id;35;it;0;ms;0.005087;validation;
[serialize];id;35;it;0;ms;2.6e-05;empty;
[query];id;35;it;1;ms;0.001386;validation;
[serialize];id;35;it;1;ms;1.5e-05;empty;
[query];id;35;it;2;ms;0.001183;validation;
[serialize];id;35;it;2;ms;1.6e-05;empty;
[query];id;36;it;0;ms;0.063399;validation;
[serialize];id;36;it;0;ms;0.000744;restriction;
[serialize];id;36;it;0;ms;4316.84;merge;
[serialize];id;36;it;0;ms;24.1079;aggr;
[query];id;36;it;1;ms;0.068813;validation;
[serialize];id;36;it;1;ms;0.000767;restriction;
[serialize];id;36;it;1;ms;4316.54;merge;
[serialize];id;36;it;1;ms;24.1377;aggr;
[query];id;36;it;2;ms;0.068384;validation;
[serialize];id;36;it;2;ms;0.00084;restriction;
[serialize];id;36;it;2;ms;4340.33;merge;
[serialize];id;36;it;2;ms;24.2126;aggr;
[query];id;37;it;0;ms;0.005182;validation;
[serialize];id;37;it;0;ms;2.6e-05;empty;
[query];id;37;it;1;ms;0.001483;validation;
[serialize];id;37;it;1;ms;1.4e-05;empty;
[query];id;37;it;2;ms;0.001188;validation;
[serialize];id;37;it;2;ms;1.7e-05;empty;
[query];id;38;it;0;ms;0.003518;validation;
[serialize];id;38;it;0;ms;0.00053;restriction;
[serialize];id;38;it;0;ms;1.48688;merge;
[serialize];id;38;it;0;ms;0.307107;aggr;
[query];id;38;it;1;ms;0.004154;validation;
[serialize];id;38;it;1;ms;0.000219;restriction;
[serialize];id;38;it;1;ms;1.34251;merge;
[serialize];id;38;it;1;ms;0.300383;aggr;
[query];id;38;it;2;ms;0.00365;validation;
[serialize];id;38;it;2;ms;0.00019;restriction;
[serialize];id;38;it;2;ms;1.25476;merge;
[serialize];id;38;it;2;ms;0.302478;aggr;
[query];id;39;it;0;ms;0.002724;validation;
[serialize];id;39;it;0;ms;1.4e-05;empty;
[query];id;39;it;1;ms;0.001353;validation;
[serialize];id;39;it;1;ms;1.5e-05;empty;
[query];id;39;it;2;ms;0.001146;validation;
[serialize];id;39;it;2;ms;1.6e-05;empty;
[query];id;40;it;0;ms;0.001471;validation;
[serialize];id;40;it;0;ms;1.5e-05;empty;
[query];id;40;it;1;ms;0.001094;validation;
[serialize];id;40;it;1;ms;1.4e-05;empty;
[query];id;40;it;2;ms;0.001217;validation;
[serialize];id;40;it;2;ms;1.5e-05;empty;
[query];id;41;it;0;ms;0.001099;validation;
[serialize];id;41;it;0;ms;1.5e-05;empty;
[query];id;41;it;1;ms;0.001088;validation;
[serialize];id;41;it;1;ms;1.4e-05;empty;
[query];id;41;it;2;ms;0.001078;validation;
[serialize];id;41;it;2;ms;1.5e-05;empty;
[query];id;42;it;0;ms;0.001106;validation;
[serialize];id;42;it;0;ms;1.5e-05;empty;
[query];id;42;it;1;ms;0.001071;validation;
[serialize];id;42;it;1;ms;1.6e-05;empty;
[query];id;42;it;2;ms;0.001042;validation;
[serialize];id;42;it;2;ms;1.5e-05;empty;
[query];id;43;it;0;ms;0.00104;validation;
[serialize];id;43;it;0;ms;1.5e-05;empty;
[query];id;43;it;1;ms;0.001044;validation;
[serialize];id;43;it;1;ms;1.6e-05;empty;
[query];id;43;it;2;ms;0.00104;validation;
[serialize];id;43;it;2;ms;1.6e-05;empty;
[query];id;44;it;0;ms;0.001131;validation;
[serialize];id;44;it;0;ms;1.5e-05;empty;
[query];id;44;it;1;ms;0.001098;validation;
[serialize];id;44;it;1;ms;1.6e-05;empty;
[query];id;44;it;2;ms;0.001096;validation;
[serialize];id;44;it;2;ms;1.6e-05;empty;
[query];id;45;it;0;ms;0.001179;validation;
[serialize];id;45;it;0;ms;1.4e-05;empty;
[query];id;45;it;1;ms;0.001055;validation;
[serialize];id;45;it;1;ms;1.3e-05;empty;
[query];id;45;it;2;ms;0.001058;validation;
[serialize];id;45;it;2;ms;1.5e-05;empty;
[query];id;46;it;0;ms;0.043451;validation;
[serialize];id;46;it;0;ms;0.000371;restriction;
[serialize];id;46;it;0;ms;2065.47;merge;
[serialize];id;46;it;0;ms;13.0772;aggr;
[query];id;46;it;1;ms;0.050151;validation;
[serialize];id;46;it;1;ms;0.000693;restriction;
[serialize];id;46;it;1;ms;2062.09;merge;
[serialize];id;46;it;1;ms;13.0889;aggr;
[query];id;46;it;2;ms;0.051503;validation;
[serialize];id;46;it;2;ms;0.000778;restriction;
[serialize];id;46;it;2;ms;2061.78;merge;
[serialize];id;46;it;2;ms;13.1003;aggr;
[query];id;47;it;0;ms;0.051342;validation;
[serialize];id;47;it;0;ms;0.000701;restriction;
[serialize];id;47;it;0;ms;2062.59;merge;
[serialize];id;47;it;0;ms;13.0709;aggr;
[query];id;47;it;1;ms;0.049448;validation;
[serialize];id;47;it;1;ms;0.00073;restriction;
[serialize];id;47;it;1;ms;2061.12;merge;
[serialize];id;47;it;1;ms;13.068;aggr;
[query];id;47;it;2;ms;0.050566;validation;
[serialize];id;47;it;2;ms;0.000682;restriction;
[serialize];id;47;it;2;ms;2070.34;merge;
[serialize];id;47;it;2;ms;13.1057;aggr;
[query];id;48;it;0;ms;0.046728;validation;
[serialize];id;48;it;0;ms;0.000681;restriction;
[serialize];id;48;it;0;ms;2297.76;merge;
[serialize];id;48;it;0;ms;12.3593;aggr;
[query];id;48;it;1;ms;0.043908;validation;
[serialize];id;48;it;1;ms;0.000764;restriction;
[serialize];id;48;it;1;ms;2295.41;merge;
[serialize];id;48;it;1;ms;12.3632;aggr;
[query];id;48;it;2;ms;0.045634;validation;
[serialize];id;48;it;2;ms;0.000662;restriction;
[serialize];id;48;it;2;ms;2283.41;merge;
[serialize];id;48;it;2;ms;12.3473;aggr;
[query];id;49;it;0;ms;0.043565;validation;
[serialize];id;49;it;0;ms;0.000689;restriction;
[serialize];id;49;it;0;ms;2285.98;merge;
[serialize];id;49;it;0;ms;12.3559;aggr;
[query];id;49;it;1;ms;0.045527;validation;
[serialize];id;49;it;1;ms;0.000711;restriction;
[serialize];id;49;it;1;ms;2282.5;merge;
[serialize];id;49;it;1;ms;12.3585;aggr;
[query];id;49;it;2;ms;0.043895;validation;
[serialize];id;49;it;2;ms;0.0007;restriction;
[serialize];id;49;it;2;ms;2284.1;merge;
[serialize];id;49;it;2;ms;12.3334;aggr;
[query];id;50;it;0;ms;0.005102;validation;
[serialize];id;50;it;0;ms;2.8e-05;empty;
[query];id;50;it;1;ms;0.0016;validation;
[serialize];id;50;it;1;ms;1.3e-05;empty;
[query];id;50;it;2;ms;0.001215;validation;
[serialize];id;50;it;2;ms;1.4e-05;empty;
[query];id;51;it;0;ms;0.001067;validation;
[serialize];id;51;it;0;ms;1.7e-05;empty;
[query];id;51;it;1;ms;0.001056;validation;
[serialize];id;51;it;1;ms;1.4e-05;empty;
[query];id;51;it;2;ms;0.001057;validation;
[serialize];id;51;it;2;ms;1.5e-05;empty;
[query];id;52;it;0;ms;0.001374;validation;
[serialize];id;52;it;0;ms;1.4e-05;empty;
[query];id;52;it;1;ms;0.001096;validation;
[serialize];id;52;it;1;ms;1.3e-05;empty;
[query];id;52;it;2;ms;0.001081;validation;
[serialize];id;52;it;2;ms;1.7e-05;empty;
[query];id;53;it;0;ms;0.001153;validation;
[serialize];id;53;it;0;ms;1.6e-05;empty;
[query];id;53;it;1;ms;0.001061;validation;
[serialize];id;53;it;1;ms;1.4e-05;empty;
[query];id;53;it;2;ms;0.001045;validation;
[serialize];id;53;it;2;ms;1.4e-05;empty;
[query];id;54;it;0;ms;0.001055;validation;
[serialize];id;54;it;0;ms;1.3e-05;empty;
[query];id;54;it;1;ms;0.001058;validation;
[serialize];id;54;it;1;ms;1.6e-05;empty;
[query];id;54;it;2;ms;0.001054;validation;
[serialize];id;54;it;2;ms;1.7e-05;empty;
[query];id;55;it;0;ms;0.00105;validation;
[serialize];id;55;it;0;ms;1.5e-05;empty;
[query];id;55;it;1;ms;0.001048;validation;
[serialize];id;55;it;1;ms;1.6e-05;empty;
[query];id;55;it;2;ms;0.001054;validation;
[serialize];id;55;it;2;ms;1.4e-05;empty;
[query];id;56;it;0;ms;0.045273;validation;
[serialize];id;56;it;0;ms;0.000696;restriction;
[serialize];id;56;it;0;ms;4268.35;merge;
[serialize];id;56;it;0;ms;20.5962;aggr;
[query];id;56;it;1;ms;0.046684;validation;
[serialize];id;56;it;1;ms;0.000779;restriction;
[serialize];id;56;it;1;ms;4263.59;merge;
[serialize];id;56;it;1;ms;20.5438;aggr;
[query];id;56;it;2;ms;0.045803;validation;
[serialize];id;56;it;2;ms;0.000717;restriction;
[serialize];id;56;it;2;ms;4262.29;merge;
[serialize];id;56;it;2;ms;20.5736;aggr;
[query];id;57;it;0;ms;0.004958;validation;
[serialize];id;57;it;0;ms;2.7e-05;empty;
[query];id;57;it;1;ms;0.001405;validation;
[serialize];id;57;it;1;ms;1.4e-05;empty;
[query];id;57;it;2;ms;0.001168;validation;
[serialize];id;57;it;2;ms;1.7e-05;empty;
[query];id;58;it;0;ms;0.068266;validation;
[serialize];id;58;it;0;ms;0.000813;restriction;
[serialize];id;58;it;0;ms;4319.41;merge;
[serialize];id;58;it;0;ms;24.1759;aggr;
[query];id;58;it;1;ms;0.071197;validation;
[serialize];id;58;it;1;ms;0.000879;restriction;
[serialize];id;58;it;1;ms;4315.71;merge;
[serialize];id;58;it;1;ms;24.1369;aggr;
[query];id;58;it;2;ms;0.06837;validation;
[serialize];id;58;it;2;ms;0.00089;restriction;
[serialize];id;58;it;2;ms;4317.13;merge;
[serialize];id;58;it;2;ms;24.1232;aggr;
[query];id;59;it;0;ms;0.004808;validation;
[serialize];id;59;it;0;ms;2.6e-05;empty;
[query];id;59;it;1;ms;0.001486;validation;
[serialize];id;59;it;1;ms;1.4e-05;empty;
[query];id;59;it;2;ms;0.001153;validation;
[serialize];id;59;it;2;ms;1.4e-05;empty;
[query];id;60;it;0;ms;0.003362;validation;
[serialize];id;60;it;0;ms;0.000526;restriction;
[serialize];id;60;it;0;ms;1.38269;merge;
[serialize];id;60;it;0;ms;0.307468;aggr;
[query];id;60;it;1;ms;0.003357;validation;
[serialize];id;60;it;1;ms;0.000188;restriction;
[serialize];id;60;it;1;ms;1.02541;merge;
[serialize];id;60;it;1;ms;0.300302;aggr;
[query];id;60;it;2;ms;0.003086;validation;
[serialize];id;60;it;2;ms;0.000152;restriction;
[serialize];id;60;it;2;ms;1.02846;merge;
[serialize];id;60;it;2;ms;0.300027;aggr;
[query];id;61;it;0;ms;0.002361;validation;
[serialize];id;61;it;0;ms;2e-05;empty;
[query];id;61;it;1;ms;0.001319;validation;
[serialize];id;61;it;1;ms;2.1e-05;empty;
[query];id;61;it;2;ms;0.001103;validation;
[serialize];id;61;it;2;ms;2e-05;empty;
[query];id;62;it;0;ms;0.001448;validation;
[serialize];id;62;it;0;ms;2.1e-05;empty;
[query];id;62;it;1;ms;0.001091;validation;
[serialize];id;62;it;1;ms;2.1e-05;empty;
[query];id;62;it;2;ms;0.001075;validation;
[serialize];id;62;it;2;ms;2e-05;empty;
[query];id;63;it;0;ms;0.00107;validation;
[serialize];id;63;it;0;ms;2.1e-05;empty;
[query];id;63;it;1;ms;0.00104;validation;
[serialize];id;63;it;1;ms;2e-05;empty;
[query];id;63;it;2;ms;0.001077;validation;
[serialize];id;63;it;2;ms;1.5e-05;empty;
[query];id;64;it;0;ms;0.001125;validation;
[serialize];id;64;it;0;ms;1.6e-05;empty;
[query];id;64;it;1;ms;0.001078;validation;
[serialize];id;64;it;1;ms;1.5e-05;empty;
[query];id;64;it;2;ms;0.001087;validation;
[serialize];id;64;it;2;ms;1.6e-05;empty;
[query];id;65;it;0;ms;0.043821;validation;
[serialize];id;65;it;0;ms;0.000325;restriction;
[serialize];id;65;it;0;ms;2059.88;merge;
[serialize];id;65;it;0;ms;13.0879;aggr;
[query];id;65;it;1;ms;0.0501;validation;
[serialize];id;65;it;1;ms;0.000702;restriction;
[serialize];id;65;it;1;ms;2061.17;merge;
[serialize];id;65;it;1;ms;13.0908;aggr;
[query];id;65;it;2;ms;0.050066;validation;
[serialize];id;65;it;2;ms;0.000693;restriction;
[serialize];id;65;it;2;ms;2076.08;merge;
[serialize];id;65;it;2;ms;13.0816;aggr;
[query];id;66;it;0;ms;0.047755;validation;
[serialize];id;66;it;0;ms;0.000944;restriction;
[serialize];id;66;it;0;ms;2298.67;merge;
[serialize];id;66;it;0;ms;12.3782;aggr;
[query];id;66;it;1;ms;0.04399;validation;
[serialize];id;66;it;1;ms;0.000743;restriction;
[serialize];id;66;it;1;ms;2288.28;merge;
[serialize];id;66;it;1;ms;12.3735;aggr;
[query];id;66;it;2;ms;0.04438;validation;
[serialize];id;66;it;2;ms;0.000662;restriction;
[serialize];id;66;it;2;ms;2283.46;merge;
[serialize];id;66;it;2;ms;12.362;aggr;
[query];id;67;it;0;ms;0.004757;validation;
[serialize];id;67;it;0;ms;2.8e-05;empty;
[query];id;67;it;1;ms;0.001473;validation;
[serialize];id;67;it;1;ms;1.5e-05;empty;
[query];id;67;it;2;ms;0.001162;validation;
[serialize];id;67;it;2;ms;1.6e-05;empty;
[query];id;68;it;0;ms;0.001389;validation;
[serialize];id;68;it;0;ms;1.6e-05;empty;
[query];id;68;it;1;ms;0.00108;validation;
[serialize];id;68;it;1;ms;1.6e-05;empty;
[query];id;68;it;2;ms;0.00105;validation;
[serialize];id;68;it;2;ms;1.4e-05;empty;
[query];id;69;it;0;ms;0.001056;validation;
[serialize];id;69;it;0;ms;1.5e-05;empty;
[query];id;69;it;1;ms;0.001058;validation;
[serialize];id;69;it;1;ms;1.5e-05;empty;
[query];id;69;it;2;ms;0.001065;validation;
[serialize];id;69;it;2;ms;1.4e-05;empty;
[query];id;70;it;0;ms;0.003292;validation;
[serialize];id;70;it;0;ms;0.000519;restriction;
[serialize];id;70;it;0;ms;2.83218;merge;
[serialize];id;70;it;0;ms;0.25823;aggr;
[query];id;70;it;1;ms;0.003087;validation;
[serialize];id;70;it;1;ms;0.000168;restriction;
[serialize];id;70;it;1;ms;1.81135;merge;
[serialize];id;70;it;1;ms;0.258139;aggr;
[query];id;70;it;2;ms;0.002899;validation;
[serialize];id;70;it;2;ms;0.000162;restriction;
[serialize];id;70;it;2;ms;1.79556;merge;
[serialize];id;70;it;2;ms;0.25652;aggr;
[query];id;71;it;0;ms;0.002463;validation;
[serialize];id;71;it;0;ms;2e-05;empty;
[query];id;71;it;1;ms;0.001343;validation;
[serialize];id;71;it;1;ms;2.1e-05;empty;
[query];id;71;it;2;ms;0.001127;validation;
[serialize];id;71;it;2;ms;2e-05;empty;
[query];id;72;it;0;ms;0.00118;validation;
[serialize];id;72;it;0;ms;2.1e-05;empty;
[query];id;72;it;1;ms;0.001075;validation;
[serialize];id;72;it;1;ms;2.1e-05;empty;
[query];id;72;it;2;ms;0.001064;validation;
[serialize];id;72;it;2;ms;1.6e-05;empty;
[query];id;73;it;0;ms;0.001213;validation;
[serialize];id;73;it;0;ms;1.5e-05;empty;
[query];id;73;it;1;ms;0.001076;validation;
[serialize];id;73;it;1;ms;1.7e-05;empty;
[query];id;73;it;2;ms;0.001073;validation;
[serialize];id;73;it;2;ms;1.4e-05;empty;
[query];id;74;it;0;ms;0.00114;validation;
[serialize];id;74;it;0;ms;1.4e-05;empty;
[query];id;74;it;1;ms;0.00108;validation;
[serialize];id;74;it;1;ms;1.3e-05;empty;
[query];id;74;it;2;ms;0.001071;validation;
[serialize];id;74;it;2;ms;1.7e-05;empty;
[query];id;75;it;0;ms;0.003101;validation;
[serialize];id;75;it;0;ms;0.000204;restriction;
[serialize];id;75;it;0;ms;1.37866;merge;
[serialize];id;75;it;0;ms;0.303149;aggr;
[query];id;75;it;1;ms;0.003156;validation;
[serialize];id;75;it;1;ms;0.000212;restriction;
[serialize];id;75;it;1;ms;1.02837;merge;
[serialize];id;75;it;1;ms;0.300266;aggr;
[query];id;75;it;2;ms;0.002968;validation;
[serialize];id;75;it;2;ms;0.000159;restriction;
[serialize];id;75;it;2;ms;1.0249;merge;
[serialize];id;75;it;2;ms;0.300138;aggr;
[query];id;76;it;0;ms;0.00235;validation;
[serialize];id;76;it;0;ms;1.5e-05;empty;
[query];id;76;it;1;ms;0.001293;validation;
[serialize];id;76;it;1;ms;1.6e-05;empty;
[query];id;76;it;2;ms;0.001149;validation;
[serialize];id;76;it;2;ms;1.5e-05;empty;
[query];id;77;it;0;ms;0.001146;validation;
[serialize];id;77;it;0;ms;1.7e-05;empty;
[query];id;77;it;1;ms;0.001076;validation;
[serialize];id;77;it;1;ms;1.7e-05;empty;
[query];id;77;it;2;ms;0.001088;validation;
[serialize];id;77;it;2;ms;1.5e-05;empty;
[query];id;78;it;0;ms;0.001096;validation;
[serialize];id;78;it;0;ms;1.5e-05;empty;
[query];id;78;it;1;ms;0.001146;validation;
[serialize];id;78;it;1;ms;1.7e-05;empty;
[query];id;78;it;2;ms;0.001033;validation;
[serialize];id;78;it;2;ms;1.4e-05;empty;
[query];id;79;it;0;ms;0.001652;validation;
[serialize];id;79;it;0;ms;1.4e-05;empty;
[query];id;79;it;1;ms;0.001132;validation;
[serialize];id;79;it;1;ms;1.5e-05;empty;
[query];id;79;it;2;ms;0.001091;validation;
[serialize];id;79;it;2;ms;1.4e-05;empty;
[query];id;80;it;0;ms;0.003626;validation;
[serialize];id;80;it;0;ms;0.000189;restriction;
[serialize];id;80;it;0;ms;35.2632;merge;
[serialize];id;80;it;0;ms;0.427196;aggr;
[query];id;80;it;1;ms;0.007149;validation;
[serialize];id;80;it;1;ms;0.000733;restriction;
[serialize];id;80;it;1;ms;35.2492;merge;
[serialize];id;80;it;1;ms;0.425352;aggr;
[query];id;80;it;2;ms;0.006968;validation;
[serialize];id;80;it;2;ms;0.000667;restriction;
[serialize];id;80;it;2;ms;35.4597;merge;
[serialize];id;80;it;2;ms;0.428659;aggr;
[query];id;81;it;0;ms;0.004795;validation;
[serialize];id;81;it;0;ms;6.1e-05;empty;
[query];id;81;it;1;ms;0.001411;validation;
[serialize];id;81;it;1;ms;2.1e-05;empty;
[query];id;81;it;2;ms;0.001138;validation;
[serialize];id;81;it;2;ms;1.6e-05;empty;
[query];id;82;it;0;ms;0.001048;validation;
[serialize];id;82;it;0;ms;1.6e-05;empty;
[query];id;82;it;1;ms;0.001043;validation;
[serialize];id;82;it;1;ms;1.4e-05;empty;
[query];id;82;it;2;ms;0.001048;validation;
[serialize];id;82;it;2;ms;1.4e-05;empty;
[query];id;83;it;0;ms;0.001066;validation;
[serialize];id;83;it;0;ms;1.6e-05;empty;
[query];id;83;it;1;ms;0.001041;validation;
[serialize];id;83;it;1;ms;1.6e-05;empty;
[query];id;83;it;2;ms;0.001054;validation;
[serialize];id;83;it;2;ms;1.6e-05;empty;
[query];id;84;it;0;ms;0.001067;validation;
[serialize];id;84;it;0;ms;1.6e-05;empty;
[query];id;84;it;1;ms;0.001056;validation;
[serialize];id;84;it;1;ms;1.4e-05;empty;
[query];id;84;it;2;ms;0.001046;validation;
[serialize];id;84;it;2;ms;1.6e-05;empty;
[query];id;85;it;0;ms;0.001715;validation;
[serialize];id;85;it;0;ms;1.7e-05;empty;
[query];id;85;it;1;ms;0.001134;validation;
[serialize];id;85;it;1;ms;1.6e-05;empty;
[query];id;85;it;2;ms;0.001083;validation;
[serialize];id;85;it;2;ms;1.4e-05;empty;
[query];id;86;it;0;ms;0.001076;validation;
[serialize];id;86;it;0;ms;1.4e-05;empty;
[query];id;86;it;1;ms;0.001066;validation;
[serialize];id;86;it;1;ms;1.5e-05;empty;
[query];id;86;it;2;ms;0.001029;validation;
[serialize];id;86;it;2;ms;1.6e-05;empty;
[query];id;87;it;0;ms;0.001399;validation;
[serialize];id;87;it;0;ms;1.4e-05;empty;
[query];id;87;it;1;ms;0.001128;validation;
[serialize];id;87;it;1;ms;1.5e-05;empty;
[query];id;87;it;2;ms;0.001089;validation;
[serialize];id;87;it;2;ms;1.5e-05;empty;
[query];id;88;it;0;ms;0.001062;validation;
[serialize];id;88;it;0;ms;1.6e-05;empty;
[query];id;88;it;1;ms;0.00103;validation;
[serialize];id;88;it;1;ms;1.4e-05;empty;
[query];id;88;it;2;ms;0.001015;validation;
[serialize];id;88;it;2;ms;1.6e-05;empty;
[query];id;89;it;0;ms;0.030486;validation;
[serialize];id;89;it;0;ms;0.000588;restriction;
[serialize];id;89;it;0;ms;1683.24;merge;
[serialize];id;89;it;0;ms;7.61367;aggr;
[query];id;89;it;1;ms;0.036081;validation;
[serialize];id;89;it;1;ms;0.000598;restriction;
[serialize];id;89;it;1;ms;1681.77;merge;
[serialize];id;89;it;1;ms;7.59973;aggr;
[query];id;89;it;2;ms;0.035085;validation;
[serialize];id;89;it;2;ms;0.000533;restriction;
[serialize];id;89;it;2;ms;1681.09;merge;
[serialize];id;89;it;2;ms;7.61411;aggr;
[query];id;90;it;0;ms;0.005722;validation;
[serialize];id;90;it;0;ms;2.9e-05;empty;
[query];id;90;it;1;ms;0.001531;validation;
[serialize];id;90;it;1;ms;2.9e-05;empty;
[query];id;90;it;2;ms;0.00115;validation;
[serialize];id;90;it;2;ms;2.8e-05;empty;
[query];id;91;it;0;ms;0.001121;validation;
[serialize];id;91;it;0;ms;2.1e-05;empty;
[query];id;91;it;1;ms;0.001072;validation;
[serialize];id;91;it;1;ms;1.6e-05;empty;
[query];id;91;it;2;ms;0.001052;validation;
[serialize];id;91;it;2;ms;1.5e-05;empty;
[query];id;92;it;0;ms;0.035952;validation;
[serialize];id;92;it;0;ms;0.000569;restriction;
[serialize];id;92;it;0;ms;1611.5;merge;
[serialize];id;92;it;0;ms;8.68191;aggr;
[query];id;92;it;1;ms;0.036802;validation;
[serialize];id;92;it;1;ms;0.000592;restriction;
[serialize];id;92;it;1;ms;1619.05;merge;
[serialize];id;92;it;1;ms;8.70027;aggr;
[query];id;92;it;2;ms;0.038614;validation;
[serialize];id;92;it;2;ms;0.000647;restriction;
[serialize];id;92;it;2;ms;1614.36;merge;
[serialize];id;92;it;2;ms;8.6786;aggr;
[query];id;93;it;0;ms;0.005266;validation;
[serialize];id;93;it;0;ms;2.7e-05;empty;
[query];id;93;it;1;ms;0.001624;validation;
[serialize];id;93;it;1;ms;2e-05;empty;
[query];id;93;it;2;ms;0.001178;validation;
[serialize];id;93;it;2;ms;2.1e-05;empty;
[query];id;94;it;0;ms;0.001635;validation;
[serialize];id;94;it;0;ms;2e-05;empty;
[query];id;94;it;1;ms;0.001153;validation;
[serialize];id;94;it;1;ms;1.6e-05;empty;
[query];id;94;it;2;ms;0.001082;validation;
[serialize];id;94;it;2;ms;1.5e-05;empty;
[query];id;95;it;0;ms;0.001254;validation;
[serialize];id;95;it;0;ms;1.6e-05;empty;
[query];id;95;it;1;ms;0.001081;validation;
[serialize];id;95;it;1;ms;1.4e-05;empty;
[query];id;95;it;2;ms;0.001072;validation;
[serialize];id;95;it;2;ms;1.5e-05;empty;
[query];id;96;it;0;ms;0.001085;validation;
[serialize];id;96;it;0;ms;1.5e-05;empty;
[query];id;96;it;1;ms;0.001045;validation;
[serialize];id;96;it;1;ms;1.4e-05;empty;
[query];id;96;it;2;ms;0.001055;validation;
[serialize];id;96;it;2;ms;1.5e-05;empty;
[query];id;97;it;0;ms;0.001075;validation;
[serialize];id;97;it;0;ms;1.6e-05;empty;
[query];id;97;it;1;ms;0.001075;validation;
[serialize];id;97;it;1;ms;1.4e-05;empty;
[query];id;97;it;2;ms;0.001042;validation;
[serialize];id;97;it;2;ms;1.6e-05;empty;
[query];id;98;it;0;ms;0.001144;validation;
[serialize];id;98;it;0;ms;1.5e-05;empty;
[query];id;98;it;1;ms;0.001073;validation;
[serialize];id;98;it;1;ms;1.5e-05;empty;
[query];id;98;it;2;ms;0.001072;validation;
[serialize];id;98;it;2;ms;1.6e-05;empty;
[query];id;99;it;0;ms;0.003562;validation;
[serialize];id;99;it;0;ms;2.8e-05;empty;
[query];id;99;it;1;ms;0.001527;validation;
[serialize];id;99;it;1;ms;2.1e-05;empty;
[query];id;99;it;2;ms;0.001169;validation;
[serialize];id;99;it;2;ms;1.4e-05;empty;
